nama_kabupaten_kota,periode_update,kategori,jumlah,sumber
KABUPATEN BANGKALAN,2025-08-01,BERAS MEDIUM,11500,bps
KABUPATEN BANGKALAN,2025-09-01,BERAS MEDIUM,12000,bps
KABUPATEN BANGKALAN,2025-10-01,BERAS MEDIUM,12500,bps
KABUPATEN BANGKALAN,2025-11-01,BERAS MEDIUM,12400,bps
KABUPATEN BANGKALAN,2025-12-01,BERAS MEDIUM,12400,bps
KABUPATEN BANGKALAN,2026-01-01,BERAS MEDIUM,12400,bps
KABUPATEN BANGKALAN,2026-02-01,BERAS MEDIUM,12400,bps
KABUPATEN BANGKALAN,2026-03-01,BERAS MEDIUM,12400,bps
KABUPATEN BANGKALAN,2026-04-01,BERAS MEDIUM,12400,bps
KABUPATEN BANGKALAN,2026-05-01,BERAS MEDIUM,12400,bps
KABUPATEN BANGKALAN,2026-06-01,BERAS MEDIUM,12400,bps
KABUPATEN BANGKALAN,2025-08-01,BERAS PREMIUM,14000,bps
KABUPATEN BANGKALAN,2025-09-01,BERAS PREMIUM,14500,bps
KABUPATEN BANGKALAN,2025-10-01,BERAS PREMIUM,15000,bps
KABUPATEN BANGKALAN,2025-11-01,BERAS PREMIUM,14800,bps
KABUPATEN BANGKALAN,2025-12-01,BERAS PREMIUM,14800,bps
KABUPATEN BANGKALAN,2026-01-01,BERAS PREMIUM,14800,bps
KABUPATEN BANGKALAN,2026-02-01,BERAS PREMIUM,14800,bps
KABUPATEN BANGKALAN,2026-03-01,BERAS PREMIUM,14800,bps
KABUPATEN BANGKALAN,2026-04-01,BERAS PREMIUM,14800,bps
KABUPATEN BANGKALAN,2026-05-01,BERAS PREMIUM,14800,bps
KABUPATEN BANGKALAN,2026-06-01,BERAS PREMIUM,14800,bps
KABUPATEN BANGKALAN,2025-08-01,JAGUNG PIPIL KERING,7000,bps
KABUPATEN BANGKALAN,2025-09-01,JAGUNG PIPIL KERING,7000,bps
KABUPATEN BANGKALAN,2025-10-01,JAGUNG PIPIL KERING,7000,bps
KABUPATEN BANGKALAN,2025-11-01,JAGUNG PIPIL KERING,7000,bps
KABUPATEN BANGKALAN,2025-12-01,JAGUNG PIPIL KERING,7000,bps
KABUPATEN BANGKALAN,2026-01-01,JAGUNG PIPIL KERING,7000,bps
KABUPATEN BANGKALAN,2026-02-01,JAGUNG PIPIL KERING,7000,bps
KABUPATEN BANGKALAN,2026-03-01,JAGUNG PIPIL KERING,7000,bps
KABUPATEN BANGKALAN,2026-04-01,JAGUNG PIPIL KERING,7000,bps
KABUPATEN BANGKALAN,2026-05-01,JAGUNG PIPIL KERING,7000,bps
KABUPATEN BANGKALAN,2026-06-01,JAGUNG PIPIL KERING,7000,bps
KABUPATEN BANGKALAN,2025-08-01,KEDELAI,0,bps
KABUPATEN BANGKALAN,2025-09-01,KEDELAI,0,bps
KABUPATEN BANGKALAN,2025-10-01,KEDELAI,0,bps
KABUPATEN BANGKALAN,2025-11-01,KEDELAI,0,bps
KABUPATEN BANGKALAN,2025-12-01,KEDELAI,0,bps
KABUPATEN BANGKALAN,2026-01-01,KEDELAI,0,bps
KABUPATEN BANGKALAN,2026-02-01,KEDELAI,0,bps
KABUPATEN BANGKALAN,2026-03-01,KEDELAI,0,bps
KABUPATEN BANGKALAN,2026-04-01,KEDELAI,0,bps
KABUPATEN BANGKALAN,2026-05-01,KEDELAI,0,bps
KABUPATEN BANGKALAN,2026-06-01,KEDELAI,0,bps
KABUPATEN BANYUWANGI,2025-08-01,BERAS MEDIUM,12220,bps
KABUPATEN BANYUWANGI,2025-09-01,BERAS MEDIUM,12200,bps
KABUPATEN BANYUWANGI,2025-10-01,BERAS MEDIUM,12200,bps
KABUPATEN BANYUWANGI,2025-11-01,BERAS MEDIUM,12200,bps
KABUPATEN BANYUWANGI,2025-12-01,BERAS MEDIUM,12200,bps
KABUPATEN BANYUWANGI,2026-01-01,BERAS MEDIUM,12400,bps
KABUPATEN BANYUWANGI,2026-02-01,BERAS MEDIUM,12400,bps
KABUPATEN BANYUWANGI,2026-03-01,BERAS MEDIUM,12400,bps
KABUPATEN BANYUWANGI,2026-04-01,BERAS MEDIUM,12400,bps
KABUPATEN BANYUWANGI,2026-05-01,BERAS MEDIUM,12600,bps
KABUPATEN BANYUWANGI,2026-06-01,BERAS MEDIUM,12600,bps
KABUPATEN BANYUWANGI,2025-08-01,BERAS PREMIUM,15000,bps
KABUPATEN BANYUWANGI,2025-09-01,BERAS PREMIUM,15120,bps
KABUPATEN BANYUWANGI,2025-10-01,BERAS PREMIUM,15200,bps
KABUPATEN BANYUWANGI,2025-11-01,BERAS PREMIUM,15120,bps
KABUPATEN BANYUWANGI,2025-12-01,BERAS PREMIUM,14880,bps
KABUPATEN BANYUWANGI,2026-01-01,BERAS PREMIUM,14880,bps
KABUPATEN BANYUWANGI,2026-02-01,BERAS PREMIUM,14880,bps
KABUPATEN BANYUWANGI,2026-03-01,BERAS PREMIUM,14880,bps
KABUPATEN BANYUWANGI,2026-04-01,BERAS PREMIUM,14880,bps
KABUPATEN BANYUWANGI,2026-05-01,BERAS PREMIUM,14880,bps
KABUPATEN BANYUWANGI,2026-06-01,BERAS PREMIUM,14880,bps
KABUPATEN BANYUWANGI,2025-08-01,JAGUNG PIPIL KERING,8400,bps
KABUPATEN BANYUWANGI,2025-09-01,JAGUNG PIPIL KERING,8400,bps
KABUPATEN BANYUWANGI,2025-10-01,JAGUNG PIPIL KERING,8400,bps
KABUPATEN BANYUWANGI,2025-11-01,JAGUNG PIPIL KERING,8600,bps
KABUPATEN BANYUWANGI,2025-12-01,JAGUNG PIPIL KERING,8600,bps
KABUPATEN BANYUWANGI,2026-01-01,JAGUNG PIPIL KERING,8600,bps
KABUPATEN BANYUWANGI,2026-02-01,JAGUNG PIPIL KERING,8600,bps
KABUPATEN BANYUWANGI,2026-03-01,JAGUNG PIPIL KERING,8600,bps
KABUPATEN BANYUWANGI,2026-04-01,JAGUNG PIPIL KERING,8600,bps
KABUPATEN BANYUWANGI,2026-05-01,JAGUNG PIPIL KERING,8600,bps
KABUPATEN BANYUWANGI,2026-06-01,JAGUNG PIPIL KERING,8600,bps
KABUPATEN BANYUWANGI,2025-08-01,KEDELAI,11375,bps
KABUPATEN BANYUWANGI,2025-09-01,KEDELAI,11375,bps
KABUPATEN BANYUWANGI,2025-10-01,KEDELAI,11375,bps
KABUPATEN BANYUWANGI,2025-11-01,KEDELAI,11375,bps
KABUPATEN BANYUWANGI,2025-12-01,KEDELAI,11375,bps
KABUPATEN BANYUWANGI,2026-01-01,KEDELAI,11375,bps
KABUPATEN BANYUWANGI,2026-02-01,KEDELAI,11375,bps
KABUPATEN BANYUWANGI,2026-03-01,KEDELAI,11375,bps
KABUPATEN BANYUWANGI,2026-04-01,KEDELAI,11500,bps
KABUPATEN BANYUWANGI,2026-05-01,KEDELAI,11900,bps
KABUPATEN BANYUWANGI,2026-06-01,KEDELAI,12100,bps
KABUPATEN BLITAR,2025-08-01,BERAS MEDIUM,12500,bps
KABUPATEN BLITAR,2025-09-01,BERAS MEDIUM,12500,bps
KABUPATEN BLITAR,2025-10-01,BERAS MEDIUM,12500,bps
KABUPATEN BLITAR,2025-11-01,BERAS MEDIUM,12500,bps
KABUPATEN BLITAR,2025-12-01,BERAS MEDIUM,12500,bps
KABUPATEN BLITAR,2026-01-01,BERAS MEDIUM,12500,bps
KABUPATEN BLITAR,2026-02-01,BERAS MEDIUM,12500,bps
KABUPATEN BLITAR,2026-03-01,BERAS MEDIUM,12500,bps
KABUPATEN BLITAR,2026-04-01,BERAS MEDIUM,12500,bps
KABUPATEN BLITAR,2026-05-01,BERAS MEDIUM,12500,bps
KABUPATEN BLITAR,2026-06-01,BERAS MEDIUM,12500,bps
KABUPATEN BLITAR,2025-08-01,BERAS PREMIUM,14500,bps
KABUPATEN BLITAR,2025-09-01,BERAS PREMIUM,14500,bps
KABUPATEN BLITAR,2025-10-01,BERAS PREMIUM,15000,bps
KABUPATEN BLITAR,2025-11-01,BERAS PREMIUM,15000,bps
KABUPATEN BLITAR,2025-12-01,BERAS PREMIUM,14900,bps
KABUPATEN BLITAR,2026-01-01,BERAS PREMIUM,14900,bps
KABUPATEN BLITAR,2026-02-01,BERAS PREMIUM,14900,bps
KABUPATEN BLITAR,2026-03-01,BERAS PREMIUM,14900,bps
KABUPATEN BLITAR,2026-04-01,BERAS PREMIUM,14900,bps
KABUPATEN BLITAR,2026-05-01,BERAS PREMIUM,14900,bps
KABUPATEN BLITAR,2026-06-01,BERAS PREMIUM,14900,bps
KABUPATEN BLITAR,2025-08-01,JAGUNG PIPIL KERING,6750,bps
KABUPATEN BLITAR,2025-09-01,JAGUNG PIPIL KERING,6750,bps
KABUPATEN BLITAR,2025-10-01,JAGUNG PIPIL KERING,7000,bps
KABUPATEN BLITAR,2025-11-01,JAGUNG PIPIL KERING,7000,bps
KABUPATEN BLITAR,2025-12-01,JAGUNG PIPIL KERING,7000,bps
KABUPATEN BLITAR,2026-01-01,JAGUNG PIPIL KERING,7000,bps
KABUPATEN BLITAR,2026-02-01,JAGUNG PIPIL KERING,7000,bps
KABUPATEN BLITAR,2026-03-01,JAGUNG PIPIL KERING,7000,bps
KABUPATEN BLITAR,2026-04-01,JAGUNG PIPIL KERING,7000,bps
KABUPATEN BLITAR,2026-05-01,JAGUNG PIPIL KERING,7000,bps
KABUPATEN BLITAR,2026-06-01,JAGUNG PIPIL KERING,7000,bps
KABUPATEN BLITAR,2025-08-01,KEDELAI,14000,bps
KABUPATEN BLITAR,2025-09-01,KEDELAI,14000,bps
KABUPATEN BLITAR,2025-10-01,KEDELAI,15500,bps
KABUPATEN BLITAR,2025-11-01,KEDELAI,15000,bps
KABUPATEN BLITAR,2025-12-01,KEDELAI,14000,bps
KABUPATEN BLITAR,2026-01-01,KEDELAI,14000,bps
KABUPATEN BLITAR,2026-02-01,KEDELAI,14000,bps
KABUPATEN BLITAR,2026-03-01,KEDELAI,14000,bps
KABUPATEN BLITAR,2026-04-01,KEDELAI,14000,bps
KABUPATEN BLITAR,2026-05-01,KEDELAI,14000,bps
KABUPATEN BLITAR,2026-06-01,KEDELAI,14000,bps
KABUPATEN BOJONEGORO,2025-08-01,BERAS MEDIUM,13250,bps
KABUPATEN BOJONEGORO,2025-09-01,BERAS MEDIUM,13500,bps
KABUPATEN BOJONEGORO,2025-10-01,BERAS MEDIUM,13500,bps
KABUPATEN BOJONEGORO,2025-11-01,BERAS MEDIUM,13500,bps
KABUPATEN BOJONEGORO,2025-12-01,BERAS MEDIUM,12750,bps
KABUPATEN BOJONEGORO,2026-01-01,BERAS MEDIUM,13000,bps
KABUPATEN BOJONEGORO,2026-02-01,BERAS MEDIUM,12500,bps
KABUPATEN BOJONEGORO,2026-03-01,BERAS MEDIUM,12500,bps
KABUPATEN BOJONEGORO,2026-04-01,BERAS MEDIUM,12500,bps
KABUPATEN BOJONEGORO,2026-05-01,BERAS MEDIUM,13000,bps
KABUPATEN BOJONEGORO,2026-06-01,BERAS MEDIUM,13500,bps
KABUPATEN BOJONEGORO,2025-08-01,BERAS PREMIUM,16000,bps
KABUPATEN BOJONEGORO,2025-09-01,BERAS PREMIUM,16000,bps
KABUPATEN BOJONEGORO,2025-10-01,BERAS PREMIUM,16000,bps
KABUPATEN BOJONEGORO,2025-11-01,BERAS PREMIUM,16000,bps
KABUPATEN BOJONEGORO,2025-12-01,BERAS PREMIUM,14900,bps
KABUPATEN BOJONEGORO,2026-01-01,BERAS PREMIUM,14900,bps
KABUPATEN BOJONEGORO,2026-02-01,BERAS PREMIUM,14900,bps
KABUPATEN BOJONEGORO,2026-03-01,BERAS PREMIUM,15400,bps
KABUPATEN BOJONEGORO,2026-04-01,BERAS PREMIUM,14900,bps
KABUPATEN BOJONEGORO,2026-05-01,BERAS PREMIUM,14900,bps
KABUPATEN BOJONEGORO,2026-06-01,BERAS PREMIUM,14900,bps
KABUPATEN BOJONEGORO,2025-08-01,JAGUNG PIPIL KERING,6000,bps
KABUPATEN BOJONEGORO,2025-09-01,JAGUNG PIPIL KERING,6000,bps
KABUPATEN BOJONEGORO,2025-10-01,JAGUNG PIPIL KERING,6000,bps
KABUPATEN BOJONEGORO,2025-11-01,JAGUNG PIPIL KERING,6000,bps
KABUPATEN BOJONEGORO,2025-12-01,JAGUNG PIPIL KERING,6500,bps
KABUPATEN BOJONEGORO,2026-01-01,JAGUNG PIPIL KERING,6500,bps
KABUPATEN BOJONEGORO,2026-02-01,JAGUNG PIPIL KERING,7000,bps
KABUPATEN BOJONEGORO,2026-03-01,JAGUNG PIPIL KERING,7000,bps
KABUPATEN BOJONEGORO,2026-04-01,JAGUNG PIPIL KERING,7250,bps
KABUPATEN BOJONEGORO,2026-05-01,JAGUNG PIPIL KERING,7250,bps
KABUPATEN BOJONEGORO,2026-06-01,JAGUNG PIPIL KERING,7250,bps
KABUPATEN BOJONEGORO,2025-08-01,KEDELAI,15000,bps
KABUPATEN BOJONEGORO,2025-09-01,KEDELAI,15000,bps
KABUPATEN BOJONEGORO,2025-10-01,KEDELAI,15000,bps
KABUPATEN BOJONEGORO,2025-11-01,KEDELAI,14000,bps
KABUPATEN BOJONEGORO,2025-12-01,KEDELAI,14500,bps
KABUPATEN BOJONEGORO,2026-01-01,KEDELAI,15000,bps
KABUPATEN BOJONEGORO,2026-02-01,KEDELAI,14500,bps
KABUPATEN BOJONEGORO,2026-03-01,KEDELAI,14500,bps
KABUPATEN BOJONEGORO,2026-04-01,KEDELAI,13500,bps
KABUPATEN BOJONEGORO,2026-05-01,KEDELAI,14000,bps
KABUPATEN BOJONEGORO,2026-06-01,KEDELAI,15000,bps
KABUPATEN BONDOWOSO,2025-08-01,BERAS MEDIUM,13275,bps
KABUPATEN BONDOWOSO,2025-09-01,BERAS MEDIUM,14400,bps
KABUPATEN BONDOWOSO,2025-10-01,BERAS MEDIUM,13575,bps
KABUPATEN BONDOWOSO,2025-11-01,BERAS MEDIUM,13450,bps
KABUPATEN BONDOWOSO,2025-12-01,BERAS MEDIUM,13450,bps
KABUPATEN BONDOWOSO,2026-01-01,BERAS MEDIUM,13425,bps
KABUPATEN BONDOWOSO,2026-02-01,BERAS MEDIUM,13425,bps
KABUPATEN BONDOWOSO,2026-03-01,BERAS MEDIUM,13425,bps
KABUPATEN BONDOWOSO,2026-04-01,BERAS MEDIUM,13425,bps
KABUPATEN BONDOWOSO,2026-05-01,BERAS MEDIUM,13425,bps
KABUPATEN BONDOWOSO,2026-06-01,BERAS MEDIUM,13425,bps
KABUPATEN BONDOWOSO,2025-08-01,BERAS PREMIUM,15450,bps
KABUPATEN BONDOWOSO,2025-09-01,BERAS PREMIUM,15575,bps
KABUPATEN BONDOWOSO,2025-10-01,BERAS PREMIUM,15500,bps
KABUPATEN BONDOWOSO,2025-11-01,BERAS PREMIUM,15375,bps
KABUPATEN BONDOWOSO,2025-12-01,BERAS PREMIUM,14725,bps
KABUPATEN BONDOWOSO,2026-01-01,BERAS PREMIUM,14700,bps
KABUPATEN BONDOWOSO,2026-02-01,BERAS PREMIUM,14700,bps
KABUPATEN BONDOWOSO,2026-03-01,BERAS PREMIUM,14700,bps
KABUPATEN BONDOWOSO,2026-04-01,BERAS PREMIUM,14700,bps
KABUPATEN BONDOWOSO,2026-05-01,BERAS PREMIUM,14700,bps
KABUPATEN BONDOWOSO,2026-06-01,BERAS PREMIUM,14700,bps
KABUPATEN BONDOWOSO,2025-08-01,JAGUNG PIPIL KERING,8000,bps
KABUPATEN BONDOWOSO,2025-09-01,JAGUNG PIPIL KERING,6625,bps
KABUPATEN BONDOWOSO,2025-10-01,JAGUNG PIPIL KERING,6625,bps
KABUPATEN BONDOWOSO,2025-11-01,JAGUNG PIPIL KERING,6625,bps
KABUPATEN BONDOWOSO,2025-12-01,JAGUNG PIPIL KERING,6625,bps
KABUPATEN BONDOWOSO,2026-01-01,JAGUNG PIPIL KERING,6625,bps
KABUPATEN BONDOWOSO,2026-02-01,JAGUNG PIPIL KERING,6625,bps
KABUPATEN BONDOWOSO,2026-03-01,JAGUNG PIPIL KERING,6625,bps
KABUPATEN BONDOWOSO,2026-04-01,JAGUNG PIPIL KERING,6625,bps
KABUPATEN BONDOWOSO,2026-05-01,JAGUNG PIPIL KERING,6625,bps
KABUPATEN BONDOWOSO,2026-06-01,JAGUNG PIPIL KERING,6625,bps
KABUPATEN BONDOWOSO,2025-08-01,KEDELAI,0,bps
KABUPATEN BONDOWOSO,2025-09-01,KEDELAI,0,bps
KABUPATEN BONDOWOSO,2025-10-01,KEDELAI,0,bps
KABUPATEN BONDOWOSO,2025-11-01,KEDELAI,0,bps
KABUPATEN BONDOWOSO,2025-12-01,KEDELAI,0,bps
KABUPATEN BONDOWOSO,2026-01-01,KEDELAI,0,bps
KABUPATEN BONDOWOSO,2026-02-01,KEDELAI,0,bps
KABUPATEN BONDOWOSO,2026-03-01,KEDELAI,0,bps
KABUPATEN BONDOWOSO,2026-04-01,KEDELAI,0,bps
KABUPATEN BONDOWOSO,2026-05-01,KEDELAI,0,bps
KABUPATEN BONDOWOSO,2026-06-01,KEDELAI,0,bps
KABUPATEN GRESIK,2025-08-01,BERAS MEDIUM,13833,bps
KABUPATEN GRESIK,2025-09-01,BERAS MEDIUM,13333,bps
KABUPATEN GRESIK,2025-10-01,BERAS MEDIUM,13333,bps
KABUPATEN GRESIK,2025-11-01,BERAS MEDIUM,13333,bps
KABUPATEN GRESIK,2025-12-01,BERAS MEDIUM,13366,bps
KABUPATEN GRESIK,2026-01-01,BERAS MEDIUM,13366,bps
KABUPATEN GRESIK,2026-02-01,BERAS MEDIUM,13366,bps
KABUPATEN GRESIK,2026-03-01,BERAS MEDIUM,13266,bps
KABUPATEN GRESIK,2026-04-01,BERAS MEDIUM,13166,bps
KABUPATEN GRESIK,2026-05-01,BERAS MEDIUM,12600,bps
KABUPATEN GRESIK,2026-06-01,BERAS MEDIUM,12600,bps
KABUPATEN GRESIK,2025-08-01,BERAS PREMIUM,15700,bps
KABUPATEN GRESIK,2025-09-01,BERAS PREMIUM,15700,bps
KABUPATEN GRESIK,2025-10-01,BERAS PREMIUM,15866,bps
KABUPATEN GRESIK,2025-11-01,BERAS PREMIUM,15333,bps
KABUPATEN GRESIK,2025-12-01,BERAS PREMIUM,15333,bps
KABUPATEN GRESIK,2026-01-01,BERAS PREMIUM,15300,bps
KABUPATEN GRESIK,2026-02-01,BERAS PREMIUM,15100,bps
KABUPATEN GRESIK,2026-03-01,BERAS PREMIUM,15133,bps
KABUPATEN GRESIK,2026-04-01,BERAS PREMIUM,15033,bps
KABUPATEN GRESIK,2026-05-01,BERAS PREMIUM,15066,bps
KABUPATEN GRESIK,2026-06-01,BERAS PREMIUM,15066,bps
KABUPATEN GRESIK,2025-08-01,JAGUNG PIPIL KERING,8666,bps
KABUPATEN GRESIK,2025-09-01,JAGUNG PIPIL KERING,8666,bps
KABUPATEN GRESIK,2025-10-01,JAGUNG PIPIL KERING,8666,bps
KABUPATEN GRESIK,2025-11-01,JAGUNG PIPIL KERING,8666,bps
KABUPATEN GRESIK,2025-12-01,JAGUNG PIPIL KERING,8666,bps
KABUPATEN GRESIK,2026-01-01,JAGUNG PIPIL KERING,8666,bps
KABUPATEN GRESIK,2026-02-01,JAGUNG PIPIL KERING,9666,bps
KABUPATEN GRESIK,2026-03-01,JAGUNG PIPIL KERING,10000,bps
KABUPATEN GRESIK,2026-04-01,JAGUNG PIPIL KERING,10000,bps
KABUPATEN GRESIK,2026-05-01,JAGUNG PIPIL KERING,10666,bps
KABUPATEN GRESIK,2026-06-01,JAGUNG PIPIL KERING,10666,bps
KABUPATEN GRESIK,2025-08-01,KEDELAI,11500,bps
KABUPATEN GRESIK,2025-09-01,KEDELAI,11500,bps
KABUPATEN GRESIK,2025-10-01,KEDELAI,11500,bps
KABUPATEN GRESIK,2025-11-01,KEDELAI,11500,bps
KABUPATEN GRESIK,2025-12-01,KEDELAI,11500,bps
KABUPATEN GRESIK,2026-01-01,KEDELAI,11500,bps
KABUPATEN GRESIK,2026-02-01,KEDELAI,11500,bps
KABUPATEN GRESIK,2026-03-01,KEDELAI,11500,bps
KABUPATEN GRESIK,2026-04-01,KEDELAI,11500,bps
KABUPATEN GRESIK,2026-05-01,KEDELAI,11500,bps
KABUPATEN GRESIK,2026-06-01,KEDELAI,11500,bps
KABUPATEN JEMBER,2025-08-01,BERAS MEDIUM,13675,bps
KABUPATEN JEMBER,2025-09-01,BERAS MEDIUM,12625,bps
KABUPATEN JEMBER,2025-10-01,BERAS MEDIUM,12000,bps
KABUPATEN JEMBER,2025-11-01,BERAS MEDIUM,12040,bps
KABUPATEN JEMBER,2025-12-01,BERAS MEDIUM,12020,bps
KABUPATEN JEMBER,2026-01-01,BERAS MEDIUM,12020,bps
KABUPATEN JEMBER,2026-02-01,BERAS MEDIUM,12020,bps
KABUPATEN JEMBER,2026-03-01,BERAS MEDIUM,12020,bps
KABUPATEN JEMBER,2026-04-01,BERAS MEDIUM,12020,bps
KABUPATEN JEMBER,2026-05-01,BERAS MEDIUM,12100,bps
KABUPATEN JEMBER,2026-06-01,BERAS MEDIUM,12100,bps
KABUPATEN JEMBER,2025-08-01,BERAS PREMIUM,15700,bps
KABUPATEN JEMBER,2025-09-01,BERAS PREMIUM,15740,bps
KABUPATEN JEMBER,2025-10-01,BERAS PREMIUM,15740,bps
KABUPATEN JEMBER,2025-11-01,BERAS PREMIUM,15160,bps
KABUPATEN JEMBER,2025-12-01,BERAS PREMIUM,14760,bps
KABUPATEN JEMBER,2026-01-01,BERAS PREMIUM,14840,bps
KABUPATEN JEMBER,2026-02-01,BERAS PREMIUM,14840,bps
KABUPATEN JEMBER,2026-03-01,BERAS PREMIUM,15000,bps
KABUPATEN JEMBER,2026-04-01,BERAS PREMIUM,15560,bps
KABUPATEN JEMBER,2026-05-01,BERAS PREMIUM,15660,bps
KABUPATEN JEMBER,2026-06-01,BERAS PREMIUM,15900,bps
KABUPATEN JEMBER,2025-08-01,JAGUNG PIPIL KERING,7375,bps
KABUPATEN JEMBER,2025-09-01,JAGUNG PIPIL KERING,7125,bps
KABUPATEN JEMBER,2025-10-01,JAGUNG PIPIL KERING,7125,bps
KABUPATEN JEMBER,2025-11-01,JAGUNG PIPIL KERING,7125,bps
KABUPATEN JEMBER,2025-12-01,JAGUNG PIPIL KERING,7125,bps
KABUPATEN JEMBER,2026-01-01,JAGUNG PIPIL KERING,7375,bps
KABUPATEN JEMBER,2026-02-01,JAGUNG PIPIL KERING,7375,bps
KABUPATEN JEMBER,2026-03-01,JAGUNG PIPIL KERING,7375,bps
KABUPATEN JEMBER,2026-04-01,JAGUNG PIPIL KERING,7375,bps
KABUPATEN JEMBER,2026-05-01,JAGUNG PIPIL KERING,7375,bps
KABUPATEN JEMBER,2026-06-01,JAGUNG PIPIL KERING,7875,bps
KABUPATEN JEMBER,2025-08-01,KEDELAI,0,bps
KABUPATEN JEMBER,2025-09-01,KEDELAI,0,bps
KABUPATEN JEMBER,2025-10-01,KEDELAI,0,bps
KABUPATEN JEMBER,2025-11-01,KEDELAI,0,bps
KABUPATEN JEMBER,2025-12-01,KEDELAI,0,bps
KABUPATEN JEMBER,2026-01-01,KEDELAI,0,bps
KABUPATEN JEMBER,2026-02-01,KEDELAI,0,bps
KABUPATEN JEMBER,2026-03-01,KEDELAI,0,bps
KABUPATEN JEMBER,2026-04-01,KEDELAI,0,bps
KABUPATEN JEMBER,2026-05-01,KEDELAI,0,bps
KABUPATEN JEMBER,2026-06-01,KEDELAI,0,bps
KABUPATEN JOMBANG,2025-08-01,BERAS MEDIUM,13166,bps
KABUPATEN JOMBANG,2025-09-01,BERAS MEDIUM,14000,bps
KABUPATEN JOMBANG,2025-10-01,BERAS MEDIUM,13666,bps
KABUPATEN JOMBANG,2025-11-01,BERAS MEDIUM,13333,bps
KABUPATEN JOMBANG,2025-12-01,BERAS MEDIUM,13666,bps
KABUPATEN JOMBANG,2026-01-01,BERAS MEDIUM,13666,bps
KABUPATEN JOMBANG,2026-02-01,BERAS MEDIUM,13666,bps
KABUPATEN JOMBANG,2026-03-01,BERAS MEDIUM,13666,bps
KABUPATEN JOMBANG,2026-04-01,BERAS MEDIUM,13666,bps
KABUPATEN JOMBANG,2026-05-01,BERAS MEDIUM,13833,bps
KABUPATEN JOMBANG,2026-06-01,BERAS MEDIUM,13833,bps
KABUPATEN JOMBANG,2025-08-01,BERAS PREMIUM,14666,bps
KABUPATEN JOMBANG,2025-09-01,BERAS PREMIUM,15166,bps
KABUPATEN JOMBANG,2025-10-01,BERAS PREMIUM,15333,bps
KABUPATEN JOMBANG,2025-11-01,BERAS PREMIUM,14833,bps
KABUPATEN JOMBANG,2025-12-01,BERAS PREMIUM,15266,bps
KABUPATEN JOMBANG,2026-01-01,BERAS PREMIUM,15600,bps
KABUPATEN JOMBANG,2026-02-01,BERAS PREMIUM,15600,bps
KABUPATEN JOMBANG,2026-03-01,BERAS PREMIUM,15566,bps
KABUPATEN JOMBANG,2026-04-01,BERAS PREMIUM,15233,bps
KABUPATEN JOMBANG,2026-05-01,BERAS PREMIUM,15233,bps
KABUPATEN JOMBANG,2026-06-01,BERAS PREMIUM,15233,bps
KABUPATEN JOMBANG,2025-08-01,JAGUNG PIPIL KERING,6000,bps
KABUPATEN JOMBANG,2025-09-01,JAGUNG PIPIL KERING,6000,bps
KABUPATEN JOMBANG,2025-10-01,JAGUNG PIPIL KERING,6000,bps
KABUPATEN JOMBANG,2025-11-01,JAGUNG PIPIL KERING,6000,bps
KABUPATEN JOMBANG,2025-12-01,JAGUNG PIPIL KERING,6000,bps
KABUPATEN JOMBANG,2026-01-01,JAGUNG PIPIL KERING,6000,bps
KABUPATEN JOMBANG,2026-02-01,JAGUNG PIPIL KERING,6000,bps
KABUPATEN JOMBANG,2026-03-01,JAGUNG PIPIL KERING,6000,bps
KABUPATEN JOMBANG,2026-04-01,JAGUNG PIPIL KERING,6500,bps
KABUPATEN JOMBANG,2026-05-01,JAGUNG PIPIL KERING,6500,bps
KABUPATEN JOMBANG,2026-06-01,JAGUNG PIPIL KERING,6500,bps
KABUPATEN JOMBANG,2025-08-01,KEDELAI,0,bps
KABUPATEN JOMBANG,2025-09-01,KEDELAI,0,bps
KABUPATEN JOMBANG,2025-10-01,KEDELAI,0,bps
KABUPATEN JOMBANG,2025-11-01,KEDELAI,0,bps
KABUPATEN JOMBANG,2025-12-01,KEDELAI,0,bps
KABUPATEN JOMBANG,2026-01-01,KEDELAI,0,bps
KABUPATEN JOMBANG,2026-02-01,KEDELAI,0,bps
KABUPATEN JOMBANG,2026-03-01,KEDELAI,0,bps
KABUPATEN JOMBANG,2026-04-01,KEDELAI,0,bps
KABUPATEN JOMBANG,2026-05-01,KEDELAI,0,bps
KABUPATEN JOMBANG,2026-06-01,KEDELAI,0,bps
KABUPATEN KEDIRI,2025-08-01,BERAS MEDIUM,13166,bps
KABUPATEN KEDIRI,2025-09-01,BERAS MEDIUM,13166,bps
KABUPATEN KEDIRI,2025-10-01,BERAS MEDIUM,13166,bps
KABUPATEN KEDIRI,2025-11-01,BERAS MEDIUM,13200,bps
KABUPATEN KEDIRI,2025-12-01,BERAS MEDIUM,13133,bps
KABUPATEN KEDIRI,2026-01-01,BERAS MEDIUM,13133,bps
KABUPATEN KEDIRI,2026-02-01,BERAS MEDIUM,13133,bps
KABUPATEN KEDIRI,2026-03-01,BERAS MEDIUM,13133,bps
KABUPATEN KEDIRI,2026-04-01,BERAS MEDIUM,13133,bps
KABUPATEN KEDIRI,2026-05-01,BERAS MEDIUM,13133,bps
KABUPATEN KEDIRI,2026-06-01,BERAS MEDIUM,13133,bps
KABUPATEN KEDIRI,2025-08-01,BERAS PREMIUM,14500,bps
KABUPATEN KEDIRI,2025-09-01,BERAS PREMIUM,14500,bps
KABUPATEN KEDIRI,2025-10-01,BERAS PREMIUM,14500,bps
KABUPATEN KEDIRI,2025-11-01,BERAS PREMIUM,14500,bps
KABUPATEN KEDIRI,2025-12-01,BERAS PREMIUM,14500,bps
KABUPATEN KEDIRI,2026-01-01,BERAS PREMIUM,14500,bps
KABUPATEN KEDIRI,2026-02-01,BERAS PREMIUM,14500,bps
KABUPATEN KEDIRI,2026-03-01,BERAS PREMIUM,14500,bps
KABUPATEN KEDIRI,2026-04-01,BERAS PREMIUM,14500,bps
KABUPATEN KEDIRI,2026-05-01,BERAS PREMIUM,14500,bps
KABUPATEN KEDIRI,2026-06-01,BERAS PREMIUM,14500,bps
KABUPATEN KEDIRI,2025-08-01,JAGUNG PIPIL KERING,6500,bps
KABUPATEN KEDIRI,2025-09-01,JAGUNG PIPIL KERING,6666,bps
KABUPATEN KEDIRI,2025-10-01,JAGUNG PIPIL KERING,6666,bps
KABUPATEN KEDIRI,2025-11-01,JAGUNG PIPIL KERING,6833,bps
KABUPATEN KEDIRI,2025-12-01,JAGUNG PIPIL KERING,6833,bps
KABUPATEN KEDIRI,2026-01-01,JAGUNG PIPIL KERING,6666,bps
KABUPATEN KEDIRI,2026-02-01,JAGUNG PIPIL KERING,6833,bps
KABUPATEN KEDIRI,2026-03-01,JAGUNG PIPIL KERING,6833,bps
KABUPATEN KEDIRI,2026-04-01,JAGUNG PIPIL KERING,6833,bps
KABUPATEN KEDIRI,2026-05-01,JAGUNG PIPIL KERING,6666,bps
KABUPATEN KEDIRI,2026-06-01,JAGUNG PIPIL KERING,6833,bps
KABUPATEN KEDIRI,2025-08-01,KEDELAI,14750,bps
KABUPATEN KEDIRI,2025-09-01,KEDELAI,13750,bps
KABUPATEN KEDIRI,2025-10-01,KEDELAI,13750,bps
KABUPATEN KEDIRI,2025-11-01,KEDELAI,13750,bps
KABUPATEN KEDIRI,2025-12-01,KEDELAI,13750,bps
KABUPATEN KEDIRI,2026-01-01,KEDELAI,13750,bps
KABUPATEN KEDIRI,2026-02-01,KEDELAI,13750,bps
KABUPATEN KEDIRI,2026-03-01,KEDELAI,13750,bps
KABUPATEN KEDIRI,2026-04-01,KEDELAI,12500,bps
KABUPATEN KEDIRI,2026-05-01,KEDELAI,12500,bps
KABUPATEN KEDIRI,2026-06-01,KEDELAI,13000,bps
KABUPATEN LAMONGAN,2025-08-01,BERAS MEDIUM,14000,bps
KABUPATEN LAMONGAN,2025-09-01,BERAS MEDIUM,12187,bps
KABUPATEN LAMONGAN,2025-10-01,BERAS MEDIUM,12187,bps
KABUPATEN LAMONGAN,2025-11-01,BERAS MEDIUM,12187,bps
KABUPATEN LAMONGAN,2025-12-01,BERAS MEDIUM,13000,bps
KABUPATEN LAMONGAN,2026-01-01,BERAS MEDIUM,13000,bps
KABUPATEN LAMONGAN,2026-02-01,BERAS MEDIUM,13000,bps
KABUPATEN LAMONGAN,2026-03-01,BERAS MEDIUM,13000,bps
KABUPATEN LAMONGAN,2026-04-01,BERAS MEDIUM,13000,bps
KABUPATEN LAMONGAN,2026-05-01,BERAS MEDIUM,13000,bps
KABUPATEN LAMONGAN,2026-06-01,BERAS MEDIUM,13000,bps
KABUPATEN LAMONGAN,2025-08-01,BERAS PREMIUM,15125,bps
KABUPATEN LAMONGAN,2025-09-01,BERAS PREMIUM,15125,bps
KABUPATEN LAMONGAN,2025-10-01,BERAS PREMIUM,15125,bps
KABUPATEN LAMONGAN,2025-11-01,BERAS PREMIUM,15125,bps
KABUPATEN LAMONGAN,2025-12-01,BERAS PREMIUM,14900,bps
KABUPATEN LAMONGAN,2026-01-01,BERAS PREMIUM,14900,bps
KABUPATEN LAMONGAN,2026-02-01,BERAS PREMIUM,14900,bps
KABUPATEN LAMONGAN,2026-03-01,BERAS PREMIUM,14900,bps
KABUPATEN LAMONGAN,2026-04-01,BERAS PREMIUM,14900,bps
KABUPATEN LAMONGAN,2026-05-01,BERAS PREMIUM,14900,bps
KABUPATEN LAMONGAN,2026-06-01,BERAS PREMIUM,14900,bps
KABUPATEN LAMONGAN,2025-08-01,JAGUNG PIPIL KERING,7375,bps
KABUPATEN LAMONGAN,2025-09-01,JAGUNG PIPIL KERING,7250,bps
KABUPATEN LAMONGAN,2025-10-01,JAGUNG PIPIL KERING,6875,bps
KABUPATEN LAMONGAN,2025-11-01,JAGUNG PIPIL KERING,6500,bps
KABUPATEN LAMONGAN,2025-12-01,JAGUNG PIPIL KERING,6500,bps
KABUPATEN LAMONGAN,2026-01-01,JAGUNG PIPIL KERING,8000,bps
KABUPATEN LAMONGAN,2026-02-01,JAGUNG PIPIL KERING,8500,bps
KABUPATEN LAMONGAN,2026-03-01,JAGUNG PIPIL KERING,7750,bps
KABUPATEN LAMONGAN,2026-04-01,JAGUNG PIPIL KERING,7375,bps
KABUPATEN LAMONGAN,2026-05-01,JAGUNG PIPIL KERING,7250,bps
KABUPATEN LAMONGAN,2026-06-01,JAGUNG PIPIL KERING,7250,bps
KABUPATEN LAMONGAN,2025-08-01,KEDELAI,10750,bps
KABUPATEN LAMONGAN,2025-09-01,KEDELAI,10250,bps
KABUPATEN LAMONGAN,2025-10-01,KEDELAI,10250,bps
KABUPATEN LAMONGAN,2025-11-01,KEDELAI,10250,bps
KABUPATEN LAMONGAN,2025-12-01,KEDELAI,9750,bps
KABUPATEN LAMONGAN,2026-01-01,KEDELAI,10000,bps
KABUPATEN LAMONGAN,2026-02-01,KEDELAI,10500,bps
KABUPATEN LAMONGAN,2026-03-01,KEDELAI,11000,bps
KABUPATEN LAMONGAN,2026-04-01,KEDELAI,11000,bps
KABUPATEN LAMONGAN,2026-05-01,KEDELAI,13500,bps
KABUPATEN LAMONGAN,2026-06-01,KEDELAI,11000,bps
KABUPATEN LUMAJANG,2025-08-01,BERAS MEDIUM,12750,bps
KABUPATEN LUMAJANG,2025-09-01,BERAS MEDIUM,12300,bps
KABUPATEN LUMAJANG,2025-10-01,BERAS MEDIUM,12133,bps
KABUPATEN LUMAJANG,2025-11-01,BERAS MEDIUM,12233,bps
KABUPATEN LUMAJANG,2025-12-01,BERAS MEDIUM,11800,bps
KABUPATEN LUMAJANG,2026-01-01,BERAS MEDIUM,11700,bps
KABUPATEN LUMAJANG,2026-02-01,BERAS MEDIUM,11700,bps
KABUPATEN LUMAJANG,2026-03-01,BERAS MEDIUM,11700,bps
KABUPATEN LUMAJANG,2026-04-01,BERAS MEDIUM,11700,bps
KABUPATEN LUMAJANG,2026-05-01,BERAS MEDIUM,11700,bps
KABUPATEN LUMAJANG,2026-06-01,BERAS MEDIUM,11700,bps
KABUPATEN LUMAJANG,2025-08-01,BERAS PREMIUM,14833,bps
KABUPATEN LUMAJANG,2025-09-01,BERAS PREMIUM,15000,bps
KABUPATEN LUMAJANG,2025-10-01,BERAS PREMIUM,15000,bps
KABUPATEN LUMAJANG,2025-11-01,BERAS PREMIUM,15000,bps
KABUPATEN LUMAJANG,2025-12-01,BERAS PREMIUM,15000,bps
KABUPATEN LUMAJANG,2026-01-01,BERAS PREMIUM,14666,bps
KABUPATEN LUMAJANG,2026-02-01,BERAS PREMIUM,14333,bps
KABUPATEN LUMAJANG,2026-03-01,BERAS PREMIUM,14333,bps
KABUPATEN LUMAJANG,2026-04-01,BERAS PREMIUM,14000,bps
KABUPATEN LUMAJANG,2026-05-01,BERAS PREMIUM,14000,bps
KABUPATEN LUMAJANG,2026-06-01,BERAS PREMIUM,14333,bps
KABUPATEN LUMAJANG,2025-08-01,JAGUNG PIPIL KERING,9000,bps
KABUPATEN LUMAJANG,2025-09-01,JAGUNG PIPIL KERING,9333,bps
KABUPATEN LUMAJANG,2025-10-01,JAGUNG PIPIL KERING,9333,bps
KABUPATEN LUMAJANG,2025-11-01,JAGUNG PIPIL KERING,9000,bps
KABUPATEN LUMAJANG,2025-12-01,JAGUNG PIPIL KERING,9000,bps
KABUPATEN LUMAJANG,2026-01-01,JAGUNG PIPIL KERING,9333,bps
KABUPATEN LUMAJANG,2026-02-01,JAGUNG PIPIL KERING,9000,bps
KABUPATEN LUMAJANG,2026-03-01,JAGUNG PIPIL KERING,8666,bps
KABUPATEN LUMAJANG,2026-04-01,JAGUNG PIPIL KERING,8333,bps
KABUPATEN LUMAJANG,2026-05-01,JAGUNG PIPIL KERING,8333,bps
KABUPATEN LUMAJANG,2026-06-01,JAGUNG PIPIL KERING,8666,bps
KABUPATEN LUMAJANG,2025-08-01,KEDELAI,9500,bps
KABUPATEN LUMAJANG,2025-09-01,KEDELAI,10000,bps
KABUPATEN LUMAJANG,2025-10-01,KEDELAI,10000,bps
KABUPATEN LUMAJANG,2025-11-01,KEDELAI,10000,bps
KABUPATEN LUMAJANG,2025-12-01,KEDELAI,13333,bps
KABUPATEN LUMAJANG,2026-01-01,KEDELAI,13333,bps
KABUPATEN LUMAJANG,2026-02-01,KEDELAI,10000,bps
KABUPATEN LUMAJANG,2026-03-01,KEDELAI,10000,bps
KABUPATEN LUMAJANG,2026-04-01,KEDELAI,10000,bps
KABUPATEN LUMAJANG,2026-05-01,KEDELAI,10000,bps
KABUPATEN LUMAJANG,2026-06-01,KEDELAI,10000,bps
KABUPATEN MADIUN,2025-08-01,BERAS MEDIUM,12900,bps
KABUPATEN MADIUN,2025-09-01,BERAS MEDIUM,13425,bps
KABUPATEN MADIUN,2025-10-01,BERAS MEDIUM,13425,bps
KABUPATEN MADIUN,2025-11-01,BERAS MEDIUM,13325,bps
KABUPATEN MADIUN,2025-12-01,BERAS MEDIUM,13500,bps
KABUPATEN MADIUN,2026-01-01,BERAS MEDIUM,13050,bps
KABUPATEN MADIUN,2026-02-01,BERAS MEDIUM,13175,bps
KABUPATEN MADIUN,2026-03-01,BERAS MEDIUM,13175,bps
KABUPATEN MADIUN,2026-04-01,BERAS MEDIUM,13175,bps
KABUPATEN MADIUN,2026-05-01,BERAS MEDIUM,13175,bps
KABUPATEN MADIUN,2026-06-01,BERAS MEDIUM,13112,bps
KABUPATEN MADIUN,2025-08-01,BERAS PREMIUM,14700,bps
KABUPATEN MADIUN,2025-09-01,BERAS PREMIUM,14700,bps
KABUPATEN MADIUN,2025-10-01,BERAS PREMIUM,14700,bps
KABUPATEN MADIUN,2025-11-01,BERAS PREMIUM,14725,bps
KABUPATEN MADIUN,2025-12-01,BERAS PREMIUM,14675,bps
KABUPATEN MADIUN,2026-01-01,BERAS PREMIUM,14925,bps
KABUPATEN MADIUN,2026-02-01,BERAS PREMIUM,14925,bps
KABUPATEN MADIUN,2026-03-01,BERAS PREMIUM,14925,bps
KABUPATEN MADIUN,2026-04-01,BERAS PREMIUM,14925,bps
KABUPATEN MADIUN,2026-05-01,BERAS PREMIUM,14925,bps
KABUPATEN MADIUN,2026-06-01,BERAS PREMIUM,14925,bps
KABUPATEN MADIUN,2025-08-01,JAGUNG PIPIL KERING,6500,bps
KABUPATEN MADIUN,2025-09-01,JAGUNG PIPIL KERING,6500,bps
KABUPATEN MADIUN,2025-10-01,JAGUNG PIPIL KERING,6500,bps
KABUPATEN MADIUN,2025-11-01,JAGUNG PIPIL KERING,6500,bps
KABUPATEN MADIUN,2025-12-01,JAGUNG PIPIL KERING,6375,bps
KABUPATEN MADIUN,2026-01-01,JAGUNG PIPIL KERING,6375,bps
KABUPATEN MADIUN,2026-02-01,JAGUNG PIPIL KERING,6375,bps
KABUPATEN MADIUN,2026-03-01,JAGUNG PIPIL KERING,6375,bps
KABUPATEN MADIUN,2026-04-01,JAGUNG PIPIL KERING,6375,bps
KABUPATEN MADIUN,2026-05-01,JAGUNG PIPIL KERING,6375,bps
KABUPATEN MADIUN,2026-06-01,JAGUNG PIPIL KERING,6875,bps
KABUPATEN MADIUN,2025-08-01,KEDELAI,13500,bps
KABUPATEN MADIUN,2025-09-01,KEDELAI,13500,bps
KABUPATEN MADIUN,2025-10-01,KEDELAI,13500,bps
KABUPATEN MADIUN,2025-11-01,KEDELAI,13500,bps
KABUPATEN MADIUN,2025-12-01,KEDELAI,13500,bps
KABUPATEN MADIUN,2026-01-01,KEDELAI,13500,bps
KABUPATEN MADIUN,2026-02-01,KEDELAI,13500,bps
KABUPATEN MADIUN,2026-03-01,KEDELAI,13500,bps
KABUPATEN MADIUN,2026-04-01,KEDELAI,12750,bps
KABUPATEN MADIUN,2026-05-01,KEDELAI,12750,bps
KABUPATEN MADIUN,2026-06-01,KEDELAI,12750,bps
KABUPATEN MAGETAN,2025-08-01,BERAS MEDIUM,13166,bps
KABUPATEN MAGETAN,2025-09-01,BERAS MEDIUM,13166,bps
KABUPATEN MAGETAN,2025-10-01,BERAS MEDIUM,13333,bps
KABUPATEN MAGETAN,2025-11-01,BERAS MEDIUM,13033,bps
KABUPATEN MAGETAN,2025-12-01,BERAS MEDIUM,13000,bps
KABUPATEN MAGETAN,2026-01-01,BERAS MEDIUM,13000,bps
KABUPATEN MAGETAN,2026-02-01,BERAS MEDIUM,13000,bps
KABUPATEN MAGETAN,2026-03-01,BERAS MEDIUM,13166,bps
KABUPATEN MAGETAN,2026-04-01,BERAS MEDIUM,13166,bps
KABUPATEN MAGETAN,2026-05-01,BERAS MEDIUM,13166,bps
KABUPATEN MAGETAN,2026-06-01,BERAS MEDIUM,13233,bps
KABUPATEN MAGETAN,2025-08-01,BERAS PREMIUM,15000,bps
KABUPATEN MAGETAN,2025-09-01,BERAS PREMIUM,15000,bps
KABUPATEN MAGETAN,2025-10-01,BERAS PREMIUM,15166,bps
KABUPATEN MAGETAN,2025-11-01,BERAS PREMIUM,14900,bps
KABUPATEN MAGETAN,2025-12-01,BERAS PREMIUM,14900,bps
KABUPATEN MAGETAN,2026-01-01,BERAS PREMIUM,14900,bps
KABUPATEN MAGETAN,2026-02-01,BERAS PREMIUM,14900,bps
KABUPATEN MAGETAN,2026-03-01,BERAS PREMIUM,14900,bps
KABUPATEN MAGETAN,2026-04-01,BERAS PREMIUM,14900,bps
KABUPATEN MAGETAN,2026-05-01,BERAS PREMIUM,14900,bps
KABUPATEN MAGETAN,2026-06-01,BERAS PREMIUM,14900,bps
KABUPATEN MAGETAN,2025-08-01,JAGUNG PIPIL KERING,6066,bps
KABUPATEN MAGETAN,2025-09-01,JAGUNG PIPIL KERING,6066,bps
KABUPATEN MAGETAN,2025-10-01,JAGUNG PIPIL KERING,6166,bps
KABUPATEN MAGETAN,2025-11-01,JAGUNG PIPIL KERING,6333,bps
KABUPATEN MAGETAN,2025-12-01,JAGUNG PIPIL KERING,6500,bps
KABUPATEN MAGETAN,2026-01-01,JAGUNG PIPIL KERING,6500,bps
KABUPATEN MAGETAN,2026-02-01,JAGUNG PIPIL KERING,6500,bps
KABUPATEN MAGETAN,2026-03-01,JAGUNG PIPIL KERING,6500,bps
KABUPATEN MAGETAN,2026-04-01,JAGUNG PIPIL KERING,6500,bps
KABUPATEN MAGETAN,2026-05-01,JAGUNG PIPIL KERING,6500,bps
KABUPATEN MAGETAN,2026-06-01,JAGUNG PIPIL KERING,6500,bps
KABUPATEN MAGETAN,2025-08-01,KEDELAI,15666,bps
KABUPATEN MAGETAN,2025-09-01,KEDELAI,15666,bps
KABUPATEN MAGETAN,2025-10-01,KEDELAI,15666,bps
KABUPATEN MAGETAN,2025-11-01,KEDELAI,15500,bps
KABUPATEN MAGETAN,2025-12-01,KEDELAI,15500,bps
KABUPATEN MAGETAN,2026-01-01,KEDELAI,15500,bps
KABUPATEN MAGETAN,2026-02-01,KEDELAI,15500,bps
KABUPATEN MAGETAN,2026-03-01,KEDELAI,15500,bps
KABUPATEN MAGETAN,2026-04-01,KEDELAI,15500,bps
KABUPATEN MAGETAN,2026-05-01,KEDELAI,15500,bps
KABUPATEN MAGETAN,2026-06-01,KEDELAI,15500,bps
KABUPATEN MALANG,2025-08-01,BERAS MEDIUM,13000,bps
KABUPATEN MALANG,2025-09-01,BERAS MEDIUM,12600,bps
KABUPATEN MALANG,2025-10-01,BERAS MEDIUM,12950,bps
KABUPATEN MALANG,2025-11-01,BERAS MEDIUM,12950,bps
KABUPATEN MALANG,2025-12-01,BERAS MEDIUM,13100,bps
KABUPATEN MALANG,2026-01-01,BERAS MEDIUM,13200,bps
KABUPATEN MALANG,2026-02-01,BERAS MEDIUM,13000,bps
KABUPATEN MALANG,2026-03-01,BERAS MEDIUM,13180,bps
KABUPATEN MALANG,2026-04-01,BERAS MEDIUM,13180,bps
KABUPATEN MALANG,2026-05-01,BERAS MEDIUM,13180,bps
KABUPATEN MALANG,2026-06-01,BERAS MEDIUM,13180,bps
KABUPATEN MALANG,2025-08-01,BERAS PREMIUM,15140,bps
KABUPATEN MALANG,2025-09-01,BERAS PREMIUM,15180,bps
KABUPATEN MALANG,2025-10-01,BERAS PREMIUM,14980,bps
KABUPATEN MALANG,2025-11-01,BERAS PREMIUM,14970,bps
KABUPATEN MALANG,2025-12-01,BERAS PREMIUM,15000,bps
KABUPATEN MALANG,2026-01-01,BERAS PREMIUM,14860,bps
KABUPATEN MALANG,2026-02-01,BERAS PREMIUM,14860,bps
KABUPATEN MALANG,2026-03-01,BERAS PREMIUM,14940,bps
KABUPATEN MALANG,2026-04-01,BERAS PREMIUM,14940,bps
KABUPATEN MALANG,2026-05-01,BERAS PREMIUM,14940,bps
KABUPATEN MALANG,2026-06-01,BERAS PREMIUM,14940,bps
KABUPATEN MALANG,2025-08-01,JAGUNG PIPIL KERING,6800,bps
KABUPATEN MALANG,2025-09-01,JAGUNG PIPIL KERING,6600,bps
KABUPATEN MALANG,2025-10-01,JAGUNG PIPIL KERING,7300,bps
KABUPATEN MALANG,2025-11-01,JAGUNG PIPIL KERING,7400,bps
KABUPATEN MALANG,2025-12-01,JAGUNG PIPIL KERING,7400,bps
KABUPATEN MALANG,2026-01-01,JAGUNG PIPIL KERING,7400,bps
KABUPATEN MALANG,2026-02-01,JAGUNG PIPIL KERING,7500,bps
KABUPATEN MALANG,2026-03-01,JAGUNG PIPIL KERING,7500,bps
KABUPATEN MALANG,2026-04-01,JAGUNG PIPIL KERING,7500,bps
KABUPATEN MALANG,2026-05-01,JAGUNG PIPIL KERING,7500,bps
KABUPATEN MALANG,2026-06-01,JAGUNG PIPIL KERING,7500,bps
KABUPATEN MALANG,2025-08-01,KEDELAI,15000,bps
KABUPATEN MALANG,2025-09-01,KEDELAI,14300,bps
KABUPATEN MALANG,2025-10-01,KEDELAI,13900,bps
KABUPATEN MALANG,2025-11-01,KEDELAI,13900,bps
KABUPATEN MALANG,2025-12-01,KEDELAI,13700,bps
KABUPATEN MALANG,2026-01-01,KEDELAI,13800,bps
KABUPATEN MALANG,2026-02-01,KEDELAI,13800,bps
KABUPATEN MALANG,2026-03-01,KEDELAI,13800,bps
KABUPATEN MALANG,2026-04-01,KEDELAI,14000,bps
KABUPATEN MALANG,2026-05-01,KEDELAI,14000,bps
KABUPATEN MALANG,2026-06-01,KEDELAI,14000,bps
KABUPATEN MOJOKERTO,2025-08-01,BERAS MEDIUM,13337,bps
KABUPATEN MOJOKERTO,2025-09-01,BERAS MEDIUM,13337,bps
KABUPATEN MOJOKERTO,2025-10-01,BERAS MEDIUM,13337,bps
KABUPATEN MOJOKERTO,2025-11-01,BERAS MEDIUM,13337,bps
KABUPATEN MOJOKERTO,2025-12-01,BERAS MEDIUM,13525,bps
KABUPATEN MOJOKERTO,2026-01-01,BERAS MEDIUM,13525,bps
KABUPATEN MOJOKERTO,2026-02-01,BERAS MEDIUM,13525,bps
KABUPATEN MOJOKERTO,2026-03-01,BERAS MEDIUM,13525,bps
KABUPATEN MOJOKERTO,2026-04-01,BERAS MEDIUM,13525,bps
KABUPATEN MOJOKERTO,2026-05-01,BERAS MEDIUM,13525,bps
KABUPATEN MOJOKERTO,2026-06-01,BERAS MEDIUM,13525,bps
KABUPATEN MOJOKERTO,2025-08-01,BERAS PREMIUM,14162,bps
KABUPATEN MOJOKERTO,2025-09-01,BERAS PREMIUM,14200,bps
KABUPATEN MOJOKERTO,2025-10-01,BERAS PREMIUM,14212,bps
KABUPATEN MOJOKERTO,2025-11-01,BERAS PREMIUM,14200,bps
KABUPATEN MOJOKERTO,2025-12-01,BERAS PREMIUM,14665,bps
KABUPATEN MOJOKERTO,2026-01-01,BERAS PREMIUM,14625,bps
KABUPATEN MOJOKERTO,2026-02-01,BERAS PREMIUM,14625,bps
KABUPATEN MOJOKERTO,2026-03-01,BERAS PREMIUM,14625,bps
KABUPATEN MOJOKERTO,2026-04-01,BERAS PREMIUM,14500,bps
KABUPATEN MOJOKERTO,2026-05-01,BERAS PREMIUM,14500,bps
KABUPATEN MOJOKERTO,2026-06-01,BERAS PREMIUM,14500,bps
KABUPATEN MOJOKERTO,2025-08-01,JAGUNG PIPIL KERING,8100,bps
KABUPATEN MOJOKERTO,2025-09-01,JAGUNG PIPIL KERING,8100,bps
KABUPATEN MOJOKERTO,2025-10-01,JAGUNG PIPIL KERING,8100,bps
KABUPATEN MOJOKERTO,2025-11-01,JAGUNG PIPIL KERING,8116,bps
KABUPATEN MOJOKERTO,2025-12-01,JAGUNG PIPIL KERING,8116,bps
KABUPATEN MOJOKERTO,2026-01-01,JAGUNG PIPIL KERING,8100,bps
KABUPATEN MOJOKERTO,2026-02-01,JAGUNG PIPIL KERING,8116,bps
KABUPATEN MOJOKERTO,2026-03-01,JAGUNG PIPIL KERING,8116,bps
KABUPATEN MOJOKERTO,2026-04-01,JAGUNG PIPIL KERING,8116,bps
KABUPATEN MOJOKERTO,2026-05-01,JAGUNG PIPIL KERING,8050,bps
KABUPATEN MOJOKERTO,2026-06-01,JAGUNG PIPIL KERING,8050,bps
KABUPATEN MOJOKERTO,2025-08-01,KEDELAI,17216,bps
KABUPATEN MOJOKERTO,2025-09-01,KEDELAI,17200,bps
KABUPATEN MOJOKERTO,2025-10-01,KEDELAI,17200,bps
KABUPATEN MOJOKERTO,2025-11-01,KEDELAI,17216,bps
KABUPATEN MOJOKERTO,2025-12-01,KEDELAI,17233,bps
KABUPATEN MOJOKERTO,2026-01-01,KEDELAI,17250,bps
KABUPATEN MOJOKERTO,2026-02-01,KEDELAI,17250,bps
KABUPATEN MOJOKERTO,2026-03-01,KEDELAI,17250,bps
KABUPATEN MOJOKERTO,2026-04-01,KEDELAI,17333,bps
KABUPATEN MOJOKERTO,2026-05-01,KEDELAI,17216,bps
KABUPATEN MOJOKERTO,2026-06-01,KEDELAI,17333,bps
KABUPATEN NGANJUK,2025-08-01,BERAS MEDIUM,13166,bps
KABUPATEN NGANJUK,2025-09-01,BERAS MEDIUM,13000,bps
KABUPATEN NGANJUK,2025-10-01,BERAS MEDIUM,11600,bps
KABUPATEN NGANJUK,2025-11-01,BERAS MEDIUM,13083,bps
KABUPATEN NGANJUK,2025-12-01,BERAS MEDIUM,13083,bps
KABUPATEN NGANJUK,2026-01-01,BERAS MEDIUM,13083,bps
KABUPATEN NGANJUK,2026-02-01,BERAS MEDIUM,13083,bps
KABUPATEN NGANJUK,2026-03-01,BERAS MEDIUM,12666,bps
KABUPATEN NGANJUK,2026-04-01,BERAS MEDIUM,12666,bps
KABUPATEN NGANJUK,2026-05-01,BERAS MEDIUM,12666,bps
KABUPATEN NGANJUK,2026-06-01,BERAS MEDIUM,12666,bps
KABUPATEN NGANJUK,2025-08-01,BERAS PREMIUM,15333,bps
KABUPATEN NGANJUK,2025-09-01,BERAS PREMIUM,15333,bps
KABUPATEN NGANJUK,2025-10-01,BERAS PREMIUM,15000,bps
KABUPATEN NGANJUK,2025-11-01,BERAS PREMIUM,14833,bps
KABUPATEN NGANJUK,2025-12-01,BERAS PREMIUM,14833,bps
KABUPATEN NGANJUK,2026-01-01,BERAS PREMIUM,14833,bps
KABUPATEN NGANJUK,2026-02-01,BERAS PREMIUM,14833,bps
KABUPATEN NGANJUK,2026-03-01,BERAS PREMIUM,15000,bps
KABUPATEN NGANJUK,2026-04-01,BERAS PREMIUM,15000,bps
KABUPATEN NGANJUK,2026-05-01,BERAS PREMIUM,15000,bps
KABUPATEN NGANJUK,2026-06-01,BERAS PREMIUM,14733,bps
KABUPATEN NGANJUK,2025-08-01,JAGUNG PIPIL KERING,6666,bps
KABUPATEN NGANJUK,2025-09-01,JAGUNG PIPIL KERING,6833,bps
KABUPATEN NGANJUK,2025-10-01,JAGUNG PIPIL KERING,6833,bps
KABUPATEN NGANJUK,2025-11-01,JAGUNG PIPIL KERING,7166,bps
KABUPATEN NGANJUK,2025-12-01,JAGUNG PIPIL KERING,7166,bps
KABUPATEN NGANJUK,2026-01-01,JAGUNG PIPIL KERING,7166,bps
KABUPATEN NGANJUK,2026-02-01,JAGUNG PIPIL KERING,7166,bps
KABUPATEN NGANJUK,2026-03-01,JAGUNG PIPIL KERING,8000,bps
KABUPATEN NGANJUK,2026-04-01,JAGUNG PIPIL KERING,8000,bps
KABUPATEN NGANJUK,2026-05-01,JAGUNG PIPIL KERING,8000,bps
KABUPATEN NGANJUK,2026-06-01,JAGUNG PIPIL KERING,8000,bps
KABUPATEN NGANJUK,2025-08-01,KEDELAI,12833,bps
KABUPATEN NGANJUK,2025-09-01,KEDELAI,12833,bps
KABUPATEN NGANJUK,2025-10-01,KEDELAI,12833,bps
KABUPATEN NGANJUK,2025-11-01,KEDELAI,12833,bps
KABUPATEN NGANJUK,2025-12-01,KEDELAI,12833,bps
KABUPATEN NGANJUK,2026-01-01,KEDELAI,12833,bps
KABUPATEN NGANJUK,2026-02-01,KEDELAI,16000,bps
KABUPATEN NGANJUK,2026-03-01,KEDELAI,14000,bps
KABUPATEN NGANJUK,2026-04-01,KEDELAI,14000,bps
KABUPATEN NGANJUK,2026-05-01,KEDELAI,16666,bps
KABUPATEN NGANJUK,2026-06-01,KEDELAI,16666,bps
KABUPATEN NGAWI,2025-08-01,BERAS MEDIUM,12466,bps
KABUPATEN NGAWI,2025-09-01,BERAS MEDIUM,12300,bps
KABUPATEN NGAWI,2025-10-01,BERAS MEDIUM,12333,bps
KABUPATEN NGAWI,2025-11-01,BERAS MEDIUM,12500,bps
KABUPATEN NGAWI,2025-12-01,BERAS MEDIUM,12500,bps
KABUPATEN NGAWI,2026-01-01,BERAS MEDIUM,12500,bps
KABUPATEN NGAWI,2026-02-01,BERAS MEDIUM,12666,bps
KABUPATEN NGAWI,2026-03-01,BERAS MEDIUM,12666,bps
KABUPATEN NGAWI,2026-04-01,BERAS MEDIUM,12666,bps
KABUPATEN NGAWI,2026-05-01,BERAS MEDIUM,12500,bps
KABUPATEN NGAWI,2026-06-01,BERAS MEDIUM,12500,bps
KABUPATEN NGAWI,2025-08-01,BERAS PREMIUM,14833,bps
KABUPATEN NGAWI,2025-09-01,BERAS PREMIUM,14833,bps
KABUPATEN NGAWI,2025-10-01,BERAS PREMIUM,14833,bps
KABUPATEN NGAWI,2025-11-01,BERAS PREMIUM,14933,bps
KABUPATEN NGAWI,2025-12-01,BERAS PREMIUM,14900,bps
KABUPATEN NGAWI,2026-01-01,BERAS PREMIUM,14900,bps
KABUPATEN NGAWI,2026-02-01,BERAS PREMIUM,14900,bps
KABUPATEN NGAWI,2026-03-01,BERAS PREMIUM,14900,bps
KABUPATEN NGAWI,2026-04-01,BERAS PREMIUM,14900,bps
KABUPATEN NGAWI,2026-05-01,BERAS PREMIUM,14900,bps
KABUPATEN NGAWI,2026-06-01,BERAS PREMIUM,14900,bps
KABUPATEN NGAWI,2025-08-01,JAGUNG PIPIL KERING,6166,bps
KABUPATEN NGAWI,2025-09-01,JAGUNG PIPIL KERING,6166,bps
KABUPATEN NGAWI,2025-10-01,JAGUNG PIPIL KERING,6166,bps
KABUPATEN NGAWI,2025-11-01,JAGUNG PIPIL KERING,6166,bps
KABUPATEN NGAWI,2025-12-01,JAGUNG PIPIL KERING,6166,bps
KABUPATEN NGAWI,2026-01-01,JAGUNG PIPIL KERING,6833,bps
KABUPATEN NGAWI,2026-02-01,JAGUNG PIPIL KERING,6833,bps
KABUPATEN NGAWI,2026-03-01,JAGUNG PIPIL KERING,7000,bps
KABUPATEN NGAWI,2026-04-01,JAGUNG PIPIL KERING,7000,bps
KABUPATEN NGAWI,2026-05-01,JAGUNG PIPIL KERING,7000,bps
KABUPATEN NGAWI,2026-06-01,JAGUNG PIPIL KERING,7000,bps
KABUPATEN NGAWI,2025-08-01,KEDELAI,13000,bps
KABUPATEN NGAWI,2025-09-01,KEDELAI,13000,bps
KABUPATEN NGAWI,2025-10-01,KEDELAI,13000,bps
KABUPATEN NGAWI,2025-11-01,KEDELAI,13000,bps
KABUPATEN NGAWI,2025-12-01,KEDELAI,13000,bps
KABUPATEN NGAWI,2026-01-01,KEDELAI,13000,bps
KABUPATEN NGAWI,2026-02-01,KEDELAI,10666,bps
KABUPATEN NGAWI,2026-03-01,KEDELAI,11333,bps
KABUPATEN NGAWI,2026-04-01,KEDELAI,11333,bps
KABUPATEN NGAWI,2026-05-01,KEDELAI,12000,bps
KABUPATEN NGAWI,2026-06-01,KEDELAI,12000,bps
KABUPATEN PACITAN,2025-08-01,BERAS MEDIUM,13000,bps
KABUPATEN PACITAN,2025-09-01,BERAS MEDIUM,13333,bps
KABUPATEN PACITAN,2025-10-01,BERAS MEDIUM,13500,bps
KABUPATEN PACITAN,2025-11-01,BERAS MEDIUM,13416,bps
KABUPATEN PACITAN,2025-12-01,BERAS MEDIUM,13000,bps
KABUPATEN PACITAN,2026-01-01,BERAS MEDIUM,13000,bps
KABUPATEN PACITAN,2026-02-01,BERAS MEDIUM,13000,bps
KABUPATEN PACITAN,2026-03-01,BERAS MEDIUM,13000,bps
KABUPATEN PACITAN,2026-04-01,BERAS MEDIUM,13333,bps
KABUPATEN PACITAN,2026-05-01,BERAS MEDIUM,13333,bps
KABUPATEN PACITAN,2026-06-01,BERAS MEDIUM,13233,bps
KABUPATEN PACITAN,2025-08-01,BERAS PREMIUM,15666,bps
KABUPATEN PACITAN,2025-09-01,BERAS PREMIUM,16000,bps
KABUPATEN PACITAN,2025-10-01,BERAS PREMIUM,16166,bps
KABUPATEN PACITAN,2025-11-01,BERAS PREMIUM,15733,bps
KABUPATEN PACITAN,2025-12-01,BERAS PREMIUM,14666,bps
KABUPATEN PACITAN,2026-01-01,BERAS PREMIUM,14666,bps
KABUPATEN PACITAN,2026-02-01,BERAS PREMIUM,14666,bps
KABUPATEN PACITAN,2026-03-01,BERAS PREMIUM,14500,bps
KABUPATEN PACITAN,2026-04-01,BERAS PREMIUM,14666,bps
KABUPATEN PACITAN,2026-05-01,BERAS PREMIUM,15000,bps
KABUPATEN PACITAN,2026-06-01,BERAS PREMIUM,14666,bps
KABUPATEN PACITAN,2025-08-01,JAGUNG PIPIL KERING,7166,bps
KABUPATEN PACITAN,2025-09-01,JAGUNG PIPIL KERING,7666,bps
KABUPATEN PACITAN,2025-10-01,JAGUNG PIPIL KERING,7333,bps
KABUPATEN PACITAN,2025-11-01,JAGUNG PIPIL KERING,7333,bps
KABUPATEN PACITAN,2025-12-01,JAGUNG PIPIL KERING,6900,bps
KABUPATEN PACITAN,2026-01-01,JAGUNG PIPIL KERING,6900,bps
KABUPATEN PACITAN,2026-02-01,JAGUNG PIPIL KERING,7233,bps
KABUPATEN PACITAN,2026-03-01,JAGUNG PIPIL KERING,7416,bps
KABUPATEN PACITAN,2026-04-01,JAGUNG PIPIL KERING,7416,bps
KABUPATEN PACITAN,2026-05-01,JAGUNG PIPIL KERING,7416,bps
KABUPATEN PACITAN,2026-06-01,JAGUNG PIPIL KERING,7375,bps
KABUPATEN PACITAN,2025-08-01,KEDELAI,16000,bps
KABUPATEN PACITAN,2025-09-01,KEDELAI,15666,bps
KABUPATEN PACITAN,2025-10-01,KEDELAI,15666,bps
KABUPATEN PACITAN,2025-11-01,KEDELAI,15666,bps
KABUPATEN PACITAN,2025-12-01,KEDELAI,15666,bps
KABUPATEN PACITAN,2026-01-01,KEDELAI,15666,bps
KABUPATEN PACITAN,2026-02-01,KEDELAI,15666,bps
KABUPATEN PACITAN,2026-03-01,KEDELAI,15833,bps
KABUPATEN PACITAN,2026-04-01,KEDELAI,15833,bps
KABUPATEN PACITAN,2026-05-01,KEDELAI,15833,bps
KABUPATEN PACITAN,2026-06-01,KEDELAI,15833,bps
KABUPATEN PAMEKASAN,2025-08-01,BERAS MEDIUM,12600,bps
KABUPATEN PAMEKASAN,2025-09-01,BERAS MEDIUM,12600,bps
KABUPATEN PAMEKASAN,2025-10-01,BERAS MEDIUM,12600,bps
KABUPATEN PAMEKASAN,2025-11-01,BERAS MEDIUM,12350,bps
KABUPATEN PAMEKASAN,2025-12-01,BERAS MEDIUM,12350,bps
KABUPATEN PAMEKASAN,2026-01-01,BERAS MEDIUM,12350,bps
KABUPATEN PAMEKASAN,2026-02-01,BERAS MEDIUM,12350,bps
KABUPATEN PAMEKASAN,2026-03-01,BERAS MEDIUM,12350,bps
KABUPATEN PAMEKASAN,2026-04-01,BERAS MEDIUM,13000,bps
KABUPATEN PAMEKASAN,2026-05-01,BERAS MEDIUM,13000,bps
KABUPATEN PAMEKASAN,2026-06-01,BERAS MEDIUM,13000,bps
KABUPATEN PAMEKASAN,2025-08-01,BERAS PREMIUM,15500,bps
KABUPATEN PAMEKASAN,2025-09-01,BERAS PREMIUM,15500,bps
KABUPATEN PAMEKASAN,2025-10-01,BERAS PREMIUM,15500,bps
KABUPATEN PAMEKASAN,2025-11-01,BERAS PREMIUM,14800,bps
KABUPATEN PAMEKASAN,2025-12-01,BERAS PREMIUM,14800,bps
KABUPATEN PAMEKASAN,2026-01-01,BERAS PREMIUM,14800,bps
KABUPATEN PAMEKASAN,2026-02-01,BERAS PREMIUM,14800,bps
KABUPATEN PAMEKASAN,2026-03-01,BERAS PREMIUM,14800,bps
KABUPATEN PAMEKASAN,2026-04-01,BERAS PREMIUM,14800,bps
KABUPATEN PAMEKASAN,2026-05-01,BERAS PREMIUM,14800,bps
KABUPATEN PAMEKASAN,2026-06-01,BERAS PREMIUM,14800,bps
KABUPATEN PAMEKASAN,2025-08-01,JAGUNG PIPIL KERING,9000,bps
KABUPATEN PAMEKASAN,2025-09-01,JAGUNG PIPIL KERING,9000,bps
KABUPATEN PAMEKASAN,2025-10-01,JAGUNG PIPIL KERING,9000,bps
KABUPATEN PAMEKASAN,2025-11-01,JAGUNG PIPIL KERING,9000,bps
KABUPATEN PAMEKASAN,2025-12-01,JAGUNG PIPIL KERING,9000,bps
KABUPATEN PAMEKASAN,2026-01-01,JAGUNG PIPIL KERING,9000,bps
KABUPATEN PAMEKASAN,2026-02-01,JAGUNG PIPIL KERING,9000,bps
KABUPATEN PAMEKASAN,2026-03-01,JAGUNG PIPIL KERING,9000,bps
KABUPATEN PAMEKASAN,2026-04-01,JAGUNG PIPIL KERING,9000,bps
KABUPATEN PAMEKASAN,2026-05-01,JAGUNG PIPIL KERING,9000,bps
KABUPATEN PAMEKASAN,2026-06-01,JAGUNG PIPIL KERING,9000,bps
KABUPATEN PAMEKASAN,2025-08-01,KEDELAI,10500,bps
KABUPATEN PAMEKASAN,2025-09-01,KEDELAI,10500,bps
KABUPATEN PAMEKASAN,2025-10-01,KEDELAI,10500,bps
KABUPATEN PAMEKASAN,2025-11-01,KEDELAI,10500,bps
KABUPATEN PAMEKASAN,2025-12-01,KEDELAI,10500,bps
KABUPATEN PAMEKASAN,2026-01-01,KEDELAI,10500,bps
KABUPATEN PAMEKASAN,2026-02-01,KEDELAI,10500,bps
KABUPATEN PAMEKASAN,2026-03-01,KEDELAI,10500,bps
KABUPATEN PAMEKASAN,2026-04-01,KEDELAI,10500,bps
KABUPATEN PAMEKASAN,2026-05-01,KEDELAI,10500,bps
KABUPATEN PAMEKASAN,2026-06-01,KEDELAI,10500,bps
KABUPATEN PASURUAN,2025-08-01,BERAS MEDIUM,12950,bps
KABUPATEN PASURUAN,2025-09-01,BERAS MEDIUM,13433,bps
KABUPATEN PASURUAN,2025-10-01,BERAS MEDIUM,13533,bps
KABUPATEN PASURUAN,2025-11-01,BERAS MEDIUM,13366,bps
KABUPATEN PASURUAN,2025-12-01,BERAS MEDIUM,13566,bps
KABUPATEN PASURUAN,2026-01-01,BERAS MEDIUM,13233,bps
KABUPATEN PASURUAN,2026-02-01,BERAS MEDIUM,13400,bps
KABUPATEN PASURUAN,2026-03-01,BERAS MEDIUM,13333,bps
KABUPATEN PASURUAN,2026-04-01,BERAS MEDIUM,13333,bps
KABUPATEN PASURUAN,2026-05-01,BERAS MEDIUM,13000,bps
KABUPATEN PASURUAN,2026-06-01,BERAS MEDIUM,13000,bps
KABUPATEN PASURUAN,2025-08-01,BERAS PREMIUM,14266,bps
KABUPATEN PASURUAN,2025-09-01,BERAS PREMIUM,14533,bps
KABUPATEN PASURUAN,2025-10-01,BERAS PREMIUM,14900,bps
KABUPATEN PASURUAN,2025-11-01,BERAS PREMIUM,14566,bps
KABUPATEN PASURUAN,2025-12-01,BERAS PREMIUM,14733,bps
KABUPATEN PASURUAN,2026-01-01,BERAS PREMIUM,14600,bps
KABUPATEN PASURUAN,2026-02-01,BERAS PREMIUM,14600,bps
KABUPATEN PASURUAN,2026-03-01,BERAS PREMIUM,14600,bps
KABUPATEN PASURUAN,2026-04-01,BERAS PREMIUM,14600,bps
KABUPATEN PASURUAN,2026-05-01,BERAS PREMIUM,14200,bps
KABUPATEN PASURUAN,2026-06-01,BERAS PREMIUM,14200,bps
KABUPATEN PASURUAN,2025-08-01,JAGUNG PIPIL KERING,7666,bps
KABUPATEN PASURUAN,2025-09-01,JAGUNG PIPIL KERING,7833,bps
KABUPATEN PASURUAN,2025-10-01,JAGUNG PIPIL KERING,7833,bps
KABUPATEN PASURUAN,2025-11-01,JAGUNG PIPIL KERING,7833,bps
KABUPATEN PASURUAN,2025-12-01,JAGUNG PIPIL KERING,7833,bps
KABUPATEN PASURUAN,2026-01-01,JAGUNG PIPIL KERING,8000,bps
KABUPATEN PASURUAN,2026-02-01,JAGUNG PIPIL KERING,8000,bps
KABUPATEN PASURUAN,2026-03-01,JAGUNG PIPIL KERING,8000,bps
KABUPATEN PASURUAN,2026-04-01,JAGUNG PIPIL KERING,8000,bps
KABUPATEN PASURUAN,2026-05-01,JAGUNG PIPIL KERING,8000,bps
KABUPATEN PASURUAN,2026-06-01,JAGUNG PIPIL KERING,8000,bps
KABUPATEN PASURUAN,2025-08-01,KEDELAI,13000,bps
KABUPATEN PASURUAN,2025-09-01,KEDELAI,13000,bps
KABUPATEN PASURUAN,2025-10-01,KEDELAI,13066,bps
KABUPATEN PASURUAN,2025-11-01,KEDELAI,13066,bps
KABUPATEN PASURUAN,2025-12-01,KEDELAI,13066,bps
KABUPATEN PASURUAN,2026-01-01,KEDELAI,12400,bps
KABUPATEN PASURUAN,2026-02-01,KEDELAI,12400,bps
KABUPATEN PASURUAN,2026-03-01,KEDELAI,12400,bps
KABUPATEN PASURUAN,2026-04-01,KEDELAI,12400,bps
KABUPATEN PASURUAN,2026-05-01,KEDELAI,12733,bps
KABUPATEN PASURUAN,2026-06-01,KEDELAI,12733,bps
KABUPATEN PONOROGO,2025-08-01,BERAS MEDIUM,12100,bps
KABUPATEN PONOROGO,2025-09-01,BERAS MEDIUM,12600,bps
KABUPATEN PONOROGO,2025-10-01,BERAS MEDIUM,12600,bps
KABUPATEN PONOROGO,2025-11-01,BERAS MEDIUM,13100,bps
KABUPATEN PONOROGO,2025-12-01,BERAS MEDIUM,13000,bps
KABUPATEN PONOROGO,2026-01-01,BERAS MEDIUM,13000,bps
KABUPATEN PONOROGO,2026-02-01,BERAS MEDIUM,13000,bps
KABUPATEN PONOROGO,2026-03-01,BERAS MEDIUM,13000,bps
KABUPATEN PONOROGO,2026-04-01,BERAS MEDIUM,13000,bps
KABUPATEN PONOROGO,2026-05-01,BERAS MEDIUM,13000,bps
KABUPATEN PONOROGO,2026-06-01,BERAS MEDIUM,13000,bps
KABUPATEN PONOROGO,2025-08-01,BERAS PREMIUM,13600,bps
KABUPATEN PONOROGO,2025-09-01,BERAS PREMIUM,14600,bps
KABUPATEN PONOROGO,2025-10-01,BERAS PREMIUM,14600,bps
KABUPATEN PONOROGO,2025-11-01,BERAS PREMIUM,15250,bps
KABUPATEN PONOROGO,2025-12-01,BERAS PREMIUM,14900,bps
KABUPATEN PONOROGO,2026-01-01,BERAS PREMIUM,14900,bps
KABUPATEN PONOROGO,2026-02-01,BERAS PREMIUM,14900,bps
KABUPATEN PONOROGO,2026-03-01,BERAS PREMIUM,14900,bps
KABUPATEN PONOROGO,2026-04-01,BERAS PREMIUM,14900,bps
KABUPATEN PONOROGO,2026-05-01,BERAS PREMIUM,14900,bps
KABUPATEN PONOROGO,2026-06-01,BERAS PREMIUM,14900,bps
KABUPATEN PONOROGO,2025-08-01,JAGUNG PIPIL KERING,5750,bps
KABUPATEN PONOROGO,2025-09-01,JAGUNG PIPIL KERING,5750,bps
KABUPATEN PONOROGO,2025-10-01,JAGUNG PIPIL KERING,5750,bps
KABUPATEN PONOROGO,2025-11-01,JAGUNG PIPIL KERING,5750,bps
KABUPATEN PONOROGO,2025-12-01,JAGUNG PIPIL KERING,5750,bps
KABUPATEN PONOROGO,2026-01-01,JAGUNG PIPIL KERING,5750,bps
KABUPATEN PONOROGO,2026-02-01,JAGUNG PIPIL KERING,5750,bps
KABUPATEN PONOROGO,2026-03-01,JAGUNG PIPIL KERING,5750,bps
KABUPATEN PONOROGO,2026-04-01,JAGUNG PIPIL KERING,5750,bps
KABUPATEN PONOROGO,2026-05-01,JAGUNG PIPIL KERING,5750,bps
KABUPATEN PONOROGO,2026-06-01,JAGUNG PIPIL KERING,5750,bps
KABUPATEN PONOROGO,2025-08-01,KEDELAI,12750,bps
KABUPATEN PONOROGO,2025-09-01,KEDELAI,12750,bps
KABUPATEN PONOROGO,2025-10-01,KEDELAI,12750,bps
KABUPATEN PONOROGO,2025-11-01,KEDELAI,11000,bps
KABUPATEN PONOROGO,2025-12-01,KEDELAI,11000,bps
KABUPATEN PONOROGO,2026-01-01,KEDELAI,11000,bps
KABUPATEN PONOROGO,2026-02-01,KEDELAI,11500,bps
KABUPATEN PONOROGO,2026-03-01,KEDELAI,11500,bps
KABUPATEN PONOROGO,2026-04-01,KEDELAI,11500,bps
KABUPATEN PONOROGO,2026-05-01,KEDELAI,11500,bps
KABUPATEN PONOROGO,2026-06-01,KEDELAI,11500,bps
KABUPATEN PROBOLINGGO,2025-08-01,BERAS MEDIUM,14500,bps
KABUPATEN PROBOLINGGO,2025-09-01,BERAS MEDIUM,12800,bps
KABUPATEN PROBOLINGGO,2025-10-01,BERAS MEDIUM,13833,bps
KABUPATEN PROBOLINGGO,2025-11-01,BERAS MEDIUM,12500,bps
KABUPATEN PROBOLINGGO,2025-12-01,BERAS MEDIUM,12266,bps
KABUPATEN PROBOLINGGO,2026-01-01,BERAS MEDIUM,12800,bps
KABUPATEN PROBOLINGGO,2026-02-01,BERAS MEDIUM,12600,bps
KABUPATEN PROBOLINGGO,2026-03-01,BERAS MEDIUM,12600,bps
KABUPATEN PROBOLINGGO,2026-04-01,BERAS MEDIUM,12800,bps
KABUPATEN PROBOLINGGO,2026-05-01,BERAS MEDIUM,12700,bps
KABUPATEN PROBOLINGGO,2026-06-01,BERAS MEDIUM,12833,bps
KABUPATEN PROBOLINGGO,2025-08-01,BERAS PREMIUM,15766,bps
KABUPATEN PROBOLINGGO,2025-09-01,BERAS PREMIUM,15000,bps
KABUPATEN PROBOLINGGO,2025-10-01,BERAS PREMIUM,15000,bps
KABUPATEN PROBOLINGGO,2025-11-01,BERAS PREMIUM,14733,bps
KABUPATEN PROBOLINGGO,2025-12-01,BERAS PREMIUM,14233,bps
KABUPATEN PROBOLINGGO,2026-01-01,BERAS PREMIUM,14500,bps
KABUPATEN PROBOLINGGO,2026-02-01,BERAS PREMIUM,14500,bps
KABUPATEN PROBOLINGGO,2026-03-01,BERAS PREMIUM,14500,bps
KABUPATEN PROBOLINGGO,2026-04-01,BERAS PREMIUM,15000,bps
KABUPATEN PROBOLINGGO,2026-05-01,BERAS PREMIUM,14800,bps
KABUPATEN PROBOLINGGO,2026-06-01,BERAS PREMIUM,14800,bps
KABUPATEN PROBOLINGGO,2025-08-01,JAGUNG PIPIL KERING,7666,bps
KABUPATEN PROBOLINGGO,2025-09-01,JAGUNG PIPIL KERING,7666,bps
KABUPATEN PROBOLINGGO,2025-10-01,JAGUNG PIPIL KERING,7666,bps
KABUPATEN PROBOLINGGO,2025-11-01,JAGUNG PIPIL KERING,7666,bps
KABUPATEN PROBOLINGGO,2025-12-01,JAGUNG PIPIL KERING,7666,bps
KABUPATEN PROBOLINGGO,2026-01-01,JAGUNG PIPIL KERING,7666,bps
KABUPATEN PROBOLINGGO,2026-02-01,JAGUNG PIPIL KERING,7666,bps
KABUPATEN PROBOLINGGO,2026-03-01,JAGUNG PIPIL KERING,7666,bps
KABUPATEN PROBOLINGGO,2026-04-01,JAGUNG PIPIL KERING,8000,bps
KABUPATEN PROBOLINGGO,2026-05-01,JAGUNG PIPIL KERING,8000,bps
KABUPATEN PROBOLINGGO,2026-06-01,JAGUNG PIPIL KERING,7666,bps
KABUPATEN PROBOLINGGO,2025-08-01,KEDELAI,15666,bps
KABUPATEN PROBOLINGGO,2025-09-01,KEDELAI,15666,bps
KABUPATEN PROBOLINGGO,2025-10-01,KEDELAI,15666,bps
KABUPATEN PROBOLINGGO,2025-11-01,KEDELAI,15666,bps
KABUPATEN PROBOLINGGO,2025-12-01,KEDELAI,15666,bps
KABUPATEN PROBOLINGGO,2026-01-01,KEDELAI,15666,bps
KABUPATEN PROBOLINGGO,2026-02-01,KEDELAI,15666,bps
KABUPATEN PROBOLINGGO,2026-03-01,KEDELAI,15666,bps
KABUPATEN PROBOLINGGO,2026-04-01,KEDELAI,16000,bps
KABUPATEN PROBOLINGGO,2026-05-01,KEDELAI,16000,bps
KABUPATEN PROBOLINGGO,2026-06-01,KEDELAI,16000,bps
KABUPATEN SAMPANG,2025-08-01,BERAS MEDIUM,12000,bps
KABUPATEN SAMPANG,2025-09-01,BERAS MEDIUM,12750,bps
KABUPATEN SAMPANG,2025-10-01,BERAS MEDIUM,13275,bps
KABUPATEN SAMPANG,2025-11-01,BERAS MEDIUM,13325,bps
KABUPATEN SAMPANG,2025-12-01,BERAS MEDIUM,12700,bps
KABUPATEN SAMPANG,2026-01-01,BERAS MEDIUM,12500,bps
KABUPATEN SAMPANG,2026-02-01,BERAS MEDIUM,12850,bps
KABUPATEN SAMPANG,2026-03-01,BERAS MEDIUM,13050,bps
KABUPATEN SAMPANG,2026-04-01,BERAS MEDIUM,13050,bps
KABUPATEN SAMPANG,2026-05-01,BERAS MEDIUM,12950,bps
KABUPATEN SAMPANG,2026-06-01,BERAS MEDIUM,12950,bps
KABUPATEN SAMPANG,2025-08-01,BERAS PREMIUM,15000,bps
KABUPATEN SAMPANG,2025-09-01,BERAS PREMIUM,15100,bps
KABUPATEN SAMPANG,2025-10-01,BERAS PREMIUM,14900,bps
KABUPATEN SAMPANG,2025-11-01,BERAS PREMIUM,14900,bps
KABUPATEN SAMPANG,2025-12-01,BERAS PREMIUM,14750,bps
KABUPATEN SAMPANG,2026-01-01,BERAS PREMIUM,14800,bps
KABUPATEN SAMPANG,2026-02-01,BERAS PREMIUM,14800,bps
KABUPATEN SAMPANG,2026-03-01,BERAS PREMIUM,14850,bps
KABUPATEN SAMPANG,2026-04-01,BERAS PREMIUM,14850,bps
KABUPATEN SAMPANG,2026-05-01,BERAS PREMIUM,14850,bps
KABUPATEN SAMPANG,2026-06-01,BERAS PREMIUM,14850,bps
KABUPATEN SAMPANG,2025-08-01,JAGUNG PIPIL KERING,6000,bps
KABUPATEN SAMPANG,2025-09-01,JAGUNG PIPIL KERING,6000,bps
KABUPATEN SAMPANG,2025-10-01,JAGUNG PIPIL KERING,6000,bps
KABUPATEN SAMPANG,2025-11-01,JAGUNG PIPIL KERING,6000,bps
KABUPATEN SAMPANG,2025-12-01,JAGUNG PIPIL KERING,6000,bps
KABUPATEN SAMPANG,2026-01-01,JAGUNG PIPIL KERING,6000,bps
KABUPATEN SAMPANG,2026-02-01,JAGUNG PIPIL KERING,6000,bps
KABUPATEN SAMPANG,2026-03-01,JAGUNG PIPIL KERING,6000,bps
KABUPATEN SAMPANG,2026-04-01,JAGUNG PIPIL KERING,6000,bps
KABUPATEN SAMPANG,2026-05-01,JAGUNG PIPIL KERING,6000,bps
KABUPATEN SAMPANG,2026-06-01,JAGUNG PIPIL KERING,6000,bps
KABUPATEN SAMPANG,2025-08-01,KEDELAI,0,bps
KABUPATEN SAMPANG,2025-09-01,KEDELAI,0,bps
KABUPATEN SAMPANG,2025-10-01,KEDELAI,0,bps
KABUPATEN SAMPANG,2025-11-01,KEDELAI,0,bps
KABUPATEN SAMPANG,2025-12-01,KEDELAI,0,bps
KABUPATEN SAMPANG,2026-01-01,KEDELAI,0,bps
KABUPATEN SAMPANG,2026-02-01,KEDELAI,0,bps
KABUPATEN SAMPANG,2026-03-01,KEDELAI,0,bps
KABUPATEN SAMPANG,2026-04-01,KEDELAI,0,bps
KABUPATEN SAMPANG,2026-05-01,KEDELAI,0,bps
KABUPATEN SAMPANG,2026-06-01,KEDELAI,0,bps
KABUPATEN SIDOARJO,2025-08-01,BERAS MEDIUM,14000,bps
KABUPATEN SIDOARJO,2025-09-01,BERAS MEDIUM,14000,bps
KABUPATEN SIDOARJO,2025-10-01,BERAS MEDIUM,13250,bps
KABUPATEN SIDOARJO,2025-11-01,BERAS MEDIUM,13500,bps
KABUPATEN SIDOARJO,2025-12-01,BERAS MEDIUM,13000,bps
KABUPATEN SIDOARJO,2026-01-01,BERAS MEDIUM,13500,bps
KABUPATEN SIDOARJO,2026-02-01,BERAS MEDIUM,13750,bps
KABUPATEN SIDOARJO,2026-03-01,BERAS MEDIUM,13500,bps
KABUPATEN SIDOARJO,2026-04-01,BERAS MEDIUM,13250,bps
KABUPATEN SIDOARJO,2026-05-01,BERAS MEDIUM,13000,bps
KABUPATEN SIDOARJO,2026-06-01,BERAS MEDIUM,13000,bps
KABUPATEN SIDOARJO,2025-08-01,BERAS PREMIUM,16000,bps
KABUPATEN SIDOARJO,2025-09-01,BERAS PREMIUM,16000,bps
KABUPATEN SIDOARJO,2025-10-01,BERAS PREMIUM,16000,bps
KABUPATEN SIDOARJO,2025-11-01,BERAS PREMIUM,16000,bps
KABUPATEN SIDOARJO,2025-12-01,BERAS PREMIUM,15000,bps
KABUPATEN SIDOARJO,2026-01-01,BERAS PREMIUM,15000,bps
KABUPATEN SIDOARJO,2026-02-01,BERAS PREMIUM,15000,bps
KABUPATEN SIDOARJO,2026-03-01,BERAS PREMIUM,15350,bps
KABUPATEN SIDOARJO,2026-04-01,BERAS PREMIUM,14850,bps
KABUPATEN SIDOARJO,2026-05-01,BERAS PREMIUM,14850,bps
KABUPATEN SIDOARJO,2026-06-01,BERAS PREMIUM,14850,bps
KABUPATEN SIDOARJO,2025-08-01,JAGUNG PIPIL KERING,9000,bps
KABUPATEN SIDOARJO,2025-09-01,JAGUNG PIPIL KERING,9000,bps
KABUPATEN SIDOARJO,2025-10-01,JAGUNG PIPIL KERING,9500,bps
KABUPATEN SIDOARJO,2025-11-01,JAGUNG PIPIL KERING,9500,bps
KABUPATEN SIDOARJO,2025-12-01,JAGUNG PIPIL KERING,9500,bps
KABUPATEN SIDOARJO,2026-01-01,JAGUNG PIPIL KERING,10000,bps
KABUPATEN SIDOARJO,2026-02-01,JAGUNG PIPIL KERING,10000,bps
KABUPATEN SIDOARJO,2026-03-01,JAGUNG PIPIL KERING,10000,bps
KABUPATEN SIDOARJO,2026-04-01,JAGUNG PIPIL KERING,10000,bps
KABUPATEN SIDOARJO,2026-05-01,JAGUNG PIPIL KERING,11250,bps
KABUPATEN SIDOARJO,2026-06-01,JAGUNG PIPIL KERING,11250,bps
KABUPATEN SIDOARJO,2025-08-01,KEDELAI,0,bps
KABUPATEN SIDOARJO,2025-09-01,KEDELAI,0,bps
KABUPATEN SIDOARJO,2025-10-01,KEDELAI,0,bps
KABUPATEN SIDOARJO,2025-11-01,KEDELAI,0,bps
KABUPATEN SIDOARJO,2025-12-01,KEDELAI,0,bps
KABUPATEN SIDOARJO,2026-01-01,KEDELAI,0,bps
KABUPATEN SIDOARJO,2026-02-01,KEDELAI,0,bps
KABUPATEN SIDOARJO,2026-03-01,KEDELAI,0,bps
KABUPATEN SIDOARJO,2026-04-01,KEDELAI,0,bps
KABUPATEN SIDOARJO,2026-05-01,KEDELAI,0,bps
KABUPATEN SIDOARJO,2026-06-01,KEDELAI,0,bps
KABUPATEN SITUBONDO,2025-08-01,BERAS MEDIUM,13500,bps
KABUPATEN SITUBONDO,2025-09-01,BERAS MEDIUM,13500,bps
KABUPATEN SITUBONDO,2025-10-01,BERAS MEDIUM,13500,bps
KABUPATEN SITUBONDO,2025-11-01,BERAS MEDIUM,12966,bps
KABUPATEN SITUBONDO,2025-12-01,BERAS MEDIUM,12933,bps
KABUPATEN SITUBONDO,2026-01-01,BERAS MEDIUM,12866,bps
KABUPATEN SITUBONDO,2026-02-01,BERAS MEDIUM,13133,bps
KABUPATEN SITUBONDO,2026-03-01,BERAS MEDIUM,13366,bps
KABUPATEN SITUBONDO,2026-04-01,BERAS MEDIUM,13133,bps
KABUPATEN SITUBONDO,2026-05-01,BERAS MEDIUM,14100,bps
KABUPATEN SITUBONDO,2026-06-01,BERAS MEDIUM,14100,bps
KABUPATEN SITUBONDO,2025-08-01,BERAS PREMIUM,15166,bps
KABUPATEN SITUBONDO,2025-09-01,BERAS PREMIUM,15166,bps
KABUPATEN SITUBONDO,2025-10-01,BERAS PREMIUM,15166,bps
KABUPATEN SITUBONDO,2025-11-01,BERAS PREMIUM,14900,bps
KABUPATEN SITUBONDO,2025-12-01,BERAS PREMIUM,14733,bps
KABUPATEN SITUBONDO,2026-01-01,BERAS PREMIUM,14766,bps
KABUPATEN SITUBONDO,2026-02-01,BERAS PREMIUM,14533,bps
KABUPATEN SITUBONDO,2026-03-01,BERAS PREMIUM,14666,bps
KABUPATEN SITUBONDO,2026-04-01,BERAS PREMIUM,14733,bps
KABUPATEN SITUBONDO,2026-05-01,BERAS PREMIUM,15666,bps
KABUPATEN SITUBONDO,2026-06-01,BERAS PREMIUM,15666,bps
KABUPATEN SITUBONDO,2025-08-01,JAGUNG PIPIL KERING,11333,bps
KABUPATEN SITUBONDO,2025-09-01,JAGUNG PIPIL KERING,10000,bps
KABUPATEN SITUBONDO,2025-10-01,JAGUNG PIPIL KERING,10000,bps
KABUPATEN SITUBONDO,2025-11-01,JAGUNG PIPIL KERING,10333,bps
KABUPATEN SITUBONDO,2025-12-01,JAGUNG PIPIL KERING,10333,bps
KABUPATEN SITUBONDO,2026-01-01,JAGUNG PIPIL KERING,11000,bps
KABUPATEN SITUBONDO,2026-02-01,JAGUNG PIPIL KERING,11000,bps
KABUPATEN SITUBONDO,2026-03-01,JAGUNG PIPIL KERING,9333,bps
KABUPATEN SITUBONDO,2026-04-01,JAGUNG PIPIL KERING,9333,bps
KABUPATEN SITUBONDO,2026-05-01,JAGUNG PIPIL KERING,8666,bps
KABUPATEN SITUBONDO,2026-06-01,JAGUNG PIPIL KERING,10666,bps
KABUPATEN SITUBONDO,2025-08-01,KEDELAI,14333,bps
KABUPATEN SITUBONDO,2025-09-01,KEDELAI,14333,bps
KABUPATEN SITUBONDO,2025-10-01,KEDELAI,14333,bps
KABUPATEN SITUBONDO,2025-11-01,KEDELAI,14000,bps
KABUPATEN SITUBONDO,2025-12-01,KEDELAI,14000,bps
KABUPATEN SITUBONDO,2026-01-01,KEDELAI,15000,bps
KABUPATEN SITUBONDO,2026-02-01,KEDELAI,14666,bps
KABUPATEN SITUBONDO,2026-03-01,KEDELAI,16000,bps
KABUPATEN SITUBONDO,2026-04-01,KEDELAI,14333,bps
KABUPATEN SITUBONDO,2026-05-01,KEDELAI,12333,bps
KABUPATEN SITUBONDO,2026-06-01,KEDELAI,12333,bps
KABUPATEN SUMENEP,2025-08-01,BERAS MEDIUM,12500,bps
KABUPATEN SUMENEP,2025-09-01,BERAS MEDIUM,13000,bps
KABUPATEN SUMENEP,2025-10-01,BERAS MEDIUM,13000,bps
KABUPATEN SUMENEP,2025-11-01,BERAS MEDIUM,13000,bps
KABUPATEN SUMENEP,2025-12-01,BERAS MEDIUM,13000,bps
KABUPATEN SUMENEP,2026-01-01,BERAS MEDIUM,12750,bps
KABUPATEN SUMENEP,2026-02-01,BERAS MEDIUM,12750,bps
KABUPATEN SUMENEP,2026-03-01,BERAS MEDIUM,13000,bps
KABUPATEN SUMENEP,2026-04-01,BERAS MEDIUM,13000,bps
KABUPATEN SUMENEP,2026-05-01,BERAS MEDIUM,13000,bps
KABUPATEN SUMENEP,2026-06-01,BERAS MEDIUM,13000,bps
KABUPATEN SUMENEP,2025-08-01,BERAS PREMIUM,14750,bps
KABUPATEN SUMENEP,2025-09-01,BERAS PREMIUM,15000,bps
KABUPATEN SUMENEP,2025-10-01,BERAS PREMIUM,15000,bps
KABUPATEN SUMENEP,2025-11-01,BERAS PREMIUM,15000,bps
KABUPATEN SUMENEP,2025-12-01,BERAS PREMIUM,14950,bps
KABUPATEN SUMENEP,2026-01-01,BERAS PREMIUM,14800,bps
KABUPATEN SUMENEP,2026-02-01,BERAS PREMIUM,14800,bps
KABUPATEN SUMENEP,2026-03-01,BERAS PREMIUM,14800,bps
KABUPATEN SUMENEP,2026-04-01,BERAS PREMIUM,14800,bps
KABUPATEN SUMENEP,2026-05-01,BERAS PREMIUM,14800,bps
KABUPATEN SUMENEP,2026-06-01,BERAS PREMIUM,14800,bps
KABUPATEN SUMENEP,2025-08-01,JAGUNG PIPIL KERING,8000,bps
KABUPATEN SUMENEP,2025-09-01,JAGUNG PIPIL KERING,8000,bps
KABUPATEN SUMENEP,2025-10-01,JAGUNG PIPIL KERING,8000,bps
KABUPATEN SUMENEP,2025-11-01,JAGUNG PIPIL KERING,8000,bps
KABUPATEN SUMENEP,2025-12-01,JAGUNG PIPIL KERING,8000,bps
KABUPATEN SUMENEP,2026-01-01,JAGUNG PIPIL KERING,8000,bps
KABUPATEN SUMENEP,2026-02-01,JAGUNG PIPIL KERING,8000,bps
KABUPATEN SUMENEP,2026-03-01,JAGUNG PIPIL KERING,8000,bps
KABUPATEN SUMENEP,2026-04-01,JAGUNG PIPIL KERING,8000,bps
KABUPATEN SUMENEP,2026-05-01,JAGUNG PIPIL KERING,8000,bps
KABUPATEN SUMENEP,2026-06-01,JAGUNG PIPIL KERING,8000,bps
KABUPATEN SUMENEP,2025-08-01,KEDELAI,0,bps
KABUPATEN SUMENEP,2025-09-01,KEDELAI,0,bps
KABUPATEN SUMENEP,2025-10-01,KEDELAI,0,bps
KABUPATEN SUMENEP,2025-11-01,KEDELAI,0,bps
KABUPATEN SUMENEP,2025-12-01,KEDELAI,0,bps
KABUPATEN SUMENEP,2026-01-01,KEDELAI,0,bps
KABUPATEN SUMENEP,2026-02-01,KEDELAI,0,bps
KABUPATEN SUMENEP,2026-03-01,KEDELAI,0,bps
KABUPATEN SUMENEP,2026-04-01,KEDELAI,0,bps
KABUPATEN SUMENEP,2026-05-01,KEDELAI,0,bps
KABUPATEN SUMENEP,2026-06-01,KEDELAI,0,bps
KABUPATEN TRENGGALEK,2025-08-01,BERAS MEDIUM,12250,bps
KABUPATEN TRENGGALEK,2025-09-01,BERAS MEDIUM,12250,bps
KABUPATEN TRENGGALEK,2025-10-01,BERAS MEDIUM,12500,bps
KABUPATEN TRENGGALEK,2025-11-01,BERAS MEDIUM,12500,bps
KABUPATEN TRENGGALEK,2025-12-01,BERAS MEDIUM,12050,bps
KABUPATEN TRENGGALEK,2026-01-01,BERAS MEDIUM,12050,bps
KABUPATEN TRENGGALEK,2026-02-01,BERAS MEDIUM,12050,bps
KABUPATEN TRENGGALEK,2026-03-01,BERAS MEDIUM,12050,bps
KABUPATEN TRENGGALEK,2026-04-01,BERAS MEDIUM,13000,bps
KABUPATEN TRENGGALEK,2026-05-01,BERAS MEDIUM,12300,bps
KABUPATEN TRENGGALEK,2026-06-01,BERAS MEDIUM,12300,bps
KABUPATEN TRENGGALEK,2025-08-01,BERAS PREMIUM,14250,bps
KABUPATEN TRENGGALEK,2025-09-01,BERAS PREMIUM,14250,bps
KABUPATEN TRENGGALEK,2025-10-01,BERAS PREMIUM,14250,bps
KABUPATEN TRENGGALEK,2025-11-01,BERAS PREMIUM,14250,bps
KABUPATEN TRENGGALEK,2025-12-01,BERAS PREMIUM,13750,bps
KABUPATEN TRENGGALEK,2026-01-01,BERAS PREMIUM,13750,bps
KABUPATEN TRENGGALEK,2026-02-01,BERAS PREMIUM,13750,bps
KABUPATEN TRENGGALEK,2026-03-01,BERAS PREMIUM,13750,bps
KABUPATEN TRENGGALEK,2026-04-01,BERAS PREMIUM,13850,bps
KABUPATEN TRENGGALEK,2026-05-01,BERAS PREMIUM,13850,bps
KABUPATEN TRENGGALEK,2026-06-01,BERAS PREMIUM,13850,bps
KABUPATEN TRENGGALEK,2025-08-01,JAGUNG PIPIL KERING,6000,bps
KABUPATEN TRENGGALEK,2025-09-01,JAGUNG PIPIL KERING,6000,bps
KABUPATEN TRENGGALEK,2025-10-01,JAGUNG PIPIL KERING,6000,bps
KABUPATEN TRENGGALEK,2025-11-01,JAGUNG PIPIL KERING,6000,bps
KABUPATEN TRENGGALEK,2025-12-01,JAGUNG PIPIL KERING,6500,bps
KABUPATEN TRENGGALEK,2026-01-01,JAGUNG PIPIL KERING,6500,bps
KABUPATEN TRENGGALEK,2026-02-01,JAGUNG PIPIL KERING,6500,bps
KABUPATEN TRENGGALEK,2026-03-01,JAGUNG PIPIL KERING,6750,bps
KABUPATEN TRENGGALEK,2026-04-01,JAGUNG PIPIL KERING,6750,bps
KABUPATEN TRENGGALEK,2026-05-01,JAGUNG PIPIL KERING,6750,bps
KABUPATEN TRENGGALEK,2026-06-01,JAGUNG PIPIL KERING,6750,bps
KABUPATEN TRENGGALEK,2025-08-01,KEDELAI,11500,bps
KABUPATEN TRENGGALEK,2025-09-01,KEDELAI,11750,bps
KABUPATEN TRENGGALEK,2025-10-01,KEDELAI,11750,bps
KABUPATEN TRENGGALEK,2025-11-01,KEDELAI,11750,bps
KABUPATEN TRENGGALEK,2025-12-01,KEDELAI,11750,bps
KABUPATEN TRENGGALEK,2026-01-01,KEDELAI,11500,bps
KABUPATEN TRENGGALEK,2026-02-01,KEDELAI,12000,bps
KABUPATEN TRENGGALEK,2026-03-01,KEDELAI,12000,bps
KABUPATEN TRENGGALEK,2026-04-01,KEDELAI,12000,bps
KABUPATEN TRENGGALEK,2026-05-01,KEDELAI,12750,bps
KABUPATEN TRENGGALEK,2026-06-01,KEDELAI,12500,bps
KABUPATEN TUBAN,2025-08-01,BERAS MEDIUM,12500,bps
KABUPATEN TUBAN,2025-09-01,BERAS MEDIUM,13000,bps
KABUPATEN TUBAN,2025-10-01,BERAS MEDIUM,12000,bps
KABUPATEN TUBAN,2025-11-01,BERAS MEDIUM,12000,bps
KABUPATEN TUBAN,2025-12-01,BERAS MEDIUM,12000,bps
KABUPATEN TUBAN,2026-01-01,BERAS MEDIUM,12000,bps
KABUPATEN TUBAN,2026-02-01,BERAS MEDIUM,12000,bps
KABUPATEN TUBAN,2026-03-01,BERAS MEDIUM,12733,bps
KABUPATEN TUBAN,2026-04-01,BERAS MEDIUM,13066,bps
KABUPATEN TUBAN,2026-05-01,BERAS MEDIUM,13400,bps
KABUPATEN TUBAN,2026-06-01,BERAS MEDIUM,13400,bps
KABUPATEN TUBAN,2025-08-01,BERAS PREMIUM,14000,bps
KABUPATEN TUBAN,2025-09-01,BERAS PREMIUM,15000,bps
KABUPATEN TUBAN,2025-10-01,BERAS PREMIUM,14900,bps
KABUPATEN TUBAN,2025-11-01,BERAS PREMIUM,14600,bps
KABUPATEN TUBAN,2025-12-01,BERAS PREMIUM,14500,bps
KABUPATEN TUBAN,2026-01-01,BERAS PREMIUM,14500,bps
KABUPATEN TUBAN,2026-02-01,BERAS PREMIUM,14666,bps
KABUPATEN TUBAN,2026-03-01,BERAS PREMIUM,14466,bps
KABUPATEN TUBAN,2026-04-01,BERAS PREMIUM,14633,bps
KABUPATEN TUBAN,2026-05-01,BERAS PREMIUM,14666,bps
KABUPATEN TUBAN,2026-06-01,BERAS PREMIUM,14633,bps
KABUPATEN TUBAN,2025-08-01,JAGUNG PIPIL KERING,6333,bps
KABUPATEN TUBAN,2025-09-01,JAGUNG PIPIL KERING,6500,bps
KABUPATEN TUBAN,2025-10-01,JAGUNG PIPIL KERING,6833,bps
KABUPATEN TUBAN,2025-11-01,JAGUNG PIPIL KERING,6833,bps
KABUPATEN TUBAN,2025-12-01,JAGUNG PIPIL KERING,6833,bps
KABUPATEN TUBAN,2026-01-01,JAGUNG PIPIL KERING,6833,bps
KABUPATEN TUBAN,2026-02-01,JAGUNG PIPIL KERING,7000,bps
KABUPATEN TUBAN,2026-03-01,JAGUNG PIPIL KERING,7000,bps
KABUPATEN TUBAN,2026-04-01,JAGUNG PIPIL KERING,7000,bps
KABUPATEN TUBAN,2026-05-01,JAGUNG PIPIL KERING,7000,bps
KABUPATEN TUBAN,2026-06-01,JAGUNG PIPIL KERING,7000,bps
KABUPATEN TUBAN,2025-08-01,KEDELAI,0,bps
KABUPATEN TUBAN,2025-09-01,KEDELAI,0,bps
KABUPATEN TUBAN,2025-10-01,KEDELAI,0,bps
KABUPATEN TUBAN,2025-11-01,KEDELAI,0,bps
KABUPATEN TUBAN,2025-12-01,KEDELAI,0,bps
KABUPATEN TUBAN,2026-01-01,KEDELAI,0,bps
KABUPATEN TUBAN,2026-02-01,KEDELAI,0,bps
KABUPATEN TUBAN,2026-03-01,KEDELAI,0,bps
KABUPATEN TUBAN,2026-04-01,KEDELAI,0,bps
KABUPATEN TUBAN,2026-05-01,KEDELAI,0,bps
KABUPATEN TUBAN,2026-06-01,KEDELAI,0,bps
KABUPATEN TULUNGAGUNG,2025-08-01,BERAS MEDIUM,13250,bps
KABUPATEN TULUNGAGUNG,2025-09-01,BERAS MEDIUM,13500,bps
KABUPATEN TULUNGAGUNG,2025-10-01,BERAS MEDIUM,12925,bps
KABUPATEN TULUNGAGUNG,2025-11-01,BERAS MEDIUM,13050,bps
KABUPATEN TULUNGAGUNG,2025-12-01,BERAS MEDIUM,13050,bps
KABUPATEN TULUNGAGUNG,2026-01-01,BERAS MEDIUM,13050,bps
KABUPATEN TULUNGAGUNG,2026-02-01,BERAS MEDIUM,13225,bps
KABUPATEN TULUNGAGUNG,2026-03-01,BERAS MEDIUM,12650,bps
KABUPATEN TULUNGAGUNG,2026-04-01,BERAS MEDIUM,12650,bps
KABUPATEN TULUNGAGUNG,2026-05-01,BERAS MEDIUM,12650,bps
KABUPATEN TULUNGAGUNG,2026-06-01,BERAS MEDIUM,12700,bps
KABUPATEN TULUNGAGUNG,2025-08-01,BERAS PREMIUM,15500,bps
KABUPATEN TULUNGAGUNG,2025-09-01,BERAS PREMIUM,15500,bps
KABUPATEN TULUNGAGUNG,2025-10-01,BERAS PREMIUM,15500,bps
KABUPATEN TULUNGAGUNG,2025-11-01,BERAS PREMIUM,15500,bps
KABUPATEN TULUNGAGUNG,2025-12-01,BERAS PREMIUM,14975,bps
KABUPATEN TULUNGAGUNG,2026-01-01,BERAS PREMIUM,15475,bps
KABUPATEN TULUNGAGUNG,2026-02-01,BERAS PREMIUM,15350,bps
KABUPATEN TULUNGAGUNG,2026-03-01,BERAS PREMIUM,14675,bps
KABUPATEN TULUNGAGUNG,2026-04-01,BERAS PREMIUM,14900,bps
KABUPATEN TULUNGAGUNG,2026-05-01,BERAS PREMIUM,14925,bps
KABUPATEN TULUNGAGUNG,2026-06-01,BERAS PREMIUM,14925,bps
KABUPATEN TULUNGAGUNG,2025-08-01,JAGUNG PIPIL KERING,9333,bps
KABUPATEN TULUNGAGUNG,2025-09-01,JAGUNG PIPIL KERING,9500,bps
KABUPATEN TULUNGAGUNG,2025-10-01,JAGUNG PIPIL KERING,9500,bps
KABUPATEN TULUNGAGUNG,2025-11-01,JAGUNG PIPIL KERING,9500,bps
KABUPATEN TULUNGAGUNG,2025-12-01,JAGUNG PIPIL KERING,9500,bps
KABUPATEN TULUNGAGUNG,2026-01-01,JAGUNG PIPIL KERING,9500,bps
KABUPATEN TULUNGAGUNG,2026-02-01,JAGUNG PIPIL KERING,8833,bps
KABUPATEN TULUNGAGUNG,2026-03-01,JAGUNG PIPIL KERING,8833,bps
KABUPATEN TULUNGAGUNG,2026-04-01,JAGUNG PIPIL KERING,8833,bps
KABUPATEN TULUNGAGUNG,2026-05-01,JAGUNG PIPIL KERING,7875,bps
KABUPATEN TULUNGAGUNG,2026-06-01,JAGUNG PIPIL KERING,8000,bps
KABUPATEN TULUNGAGUNG,2025-08-01,KEDELAI,13750,bps
KABUPATEN TULUNGAGUNG,2025-09-01,KEDELAI,13750,bps
KABUPATEN TULUNGAGUNG,2025-10-01,KEDELAI,13750,bps
KABUPATEN TULUNGAGUNG,2025-11-01,KEDELAI,14000,bps
KABUPATEN TULUNGAGUNG,2025-12-01,KEDELAI,14000,bps
KABUPATEN TULUNGAGUNG,2026-01-01,KEDELAI,14000,bps
KABUPATEN TULUNGAGUNG,2026-02-01,KEDELAI,13500,bps
KABUPATEN TULUNGAGUNG,2026-03-01,KEDELAI,13750,bps
KABUPATEN TULUNGAGUNG,2026-04-01,KEDELAI,13750,bps
KABUPATEN TULUNGAGUNG,2026-05-01,KEDELAI,10750,bps
KABUPATEN TULUNGAGUNG,2026-06-01,KEDELAI,11250,bps
KOTA BATU,2025-08-01,BERAS MEDIUM,12400,bps
KOTA BATU,2025-09-01,BERAS MEDIUM,13250,bps
KOTA BATU,2025-10-01,BERAS MEDIUM,13350,bps
KOTA BATU,2025-11-01,BERAS MEDIUM,13400,bps
KOTA BATU,2025-12-01,BERAS MEDIUM,13150,bps
KOTA BATU,2026-01-01,BERAS MEDIUM,13150,bps
KOTA BATU,2026-02-01,BERAS MEDIUM,13350,bps
KOTA BATU,2026-03-01,BERAS MEDIUM,13350,bps
KOTA BATU,2026-04-01,BERAS MEDIUM,13000,bps
KOTA BATU,2026-05-01,BERAS MEDIUM,13125,bps
KOTA BATU,2026-06-01,BERAS MEDIUM,13225,bps
KOTA BATU,2025-08-01,BERAS PREMIUM,14850,bps
KOTA BATU,2025-09-01,BERAS PREMIUM,15100,bps
KOTA BATU,2025-10-01,BERAS PREMIUM,15625,bps
KOTA BATU,2025-11-01,BERAS PREMIUM,15650,bps
KOTA BATU,2025-12-01,BERAS PREMIUM,15375,bps
KOTA BATU,2026-01-01,BERAS PREMIUM,15312,bps
KOTA BATU,2026-02-01,BERAS PREMIUM,15387,bps
KOTA BATU,2026-03-01,BERAS PREMIUM,16387,bps
KOTA BATU,2026-04-01,BERAS PREMIUM,15537,bps
KOTA BATU,2026-05-01,BERAS PREMIUM,15600,bps
KOTA BATU,2026-06-01,BERAS PREMIUM,15600,bps
KOTA BATU,2025-08-01,JAGUNG PIPIL KERING,8375,bps
KOTA BATU,2025-09-01,JAGUNG PIPIL KERING,8250,bps
KOTA BATU,2025-10-01,JAGUNG PIPIL KERING,8750,bps
KOTA BATU,2025-11-01,JAGUNG PIPIL KERING,9125,bps
KOTA BATU,2025-12-01,JAGUNG PIPIL KERING,9125,bps
KOTA BATU,2026-01-01,JAGUNG PIPIL KERING,9500,bps
KOTA BATU,2026-02-01,JAGUNG PIPIL KERING,9000,bps
KOTA BATU,2026-03-01,JAGUNG PIPIL KERING,8375,bps
KOTA BATU,2026-04-01,JAGUNG PIPIL KERING,8250,bps
KOTA BATU,2026-05-01,JAGUNG PIPIL KERING,9250,bps
KOTA BATU,2026-06-01,JAGUNG PIPIL KERING,8875,bps
KOTA BATU,2025-08-01,KEDELAI,11562,bps
KOTA BATU,2025-09-01,KEDELAI,11750,bps
KOTA BATU,2025-10-01,KEDELAI,10625,bps
KOTA BATU,2025-11-01,KEDELAI,10750,bps
KOTA BATU,2025-12-01,KEDELAI,10875,bps
KOTA BATU,2026-01-01,KEDELAI,10875,bps
KOTA BATU,2026-02-01,KEDELAI,10875,bps
KOTA BATU,2026-03-01,KEDELAI,10750,bps
KOTA BATU,2026-04-01,KEDELAI,10375,bps
KOTA BATU,2026-05-01,KEDELAI,9500,bps
KOTA BATU,2026-06-01,KEDELAI,8750,bps
KOTA BLITAR,2025-08-01,BERAS MEDIUM,13000,bps
KOTA BLITAR,2025-09-01,BERAS MEDIUM,12400,bps
KOTA BLITAR,2025-10-01,BERAS MEDIUM,12400,bps
KOTA BLITAR,2025-11-01,BERAS MEDIUM,12400,bps
KOTA BLITAR,2025-12-01,BERAS MEDIUM,12400,bps
KOTA BLITAR,2026-01-01,BERAS MEDIUM,12700,bps
KOTA BLITAR,2026-02-01,BERAS MEDIUM,13000,bps
KOTA BLITAR,2026-03-01,BERAS MEDIUM,13000,bps
KOTA BLITAR,2026-04-01,BERAS MEDIUM,13000,bps
KOTA BLITAR,2026-05-01,BERAS MEDIUM,13000,bps
KOTA BLITAR,2026-06-01,BERAS MEDIUM,13000,bps
KOTA BLITAR,2025-08-01,BERAS PREMIUM,14600,bps
KOTA BLITAR,2025-09-01,BERAS PREMIUM,14800,bps
KOTA BLITAR,2025-10-01,BERAS PREMIUM,14900,bps
KOTA BLITAR,2025-11-01,BERAS PREMIUM,14900,bps
KOTA BLITAR,2025-12-01,BERAS PREMIUM,14900,bps
KOTA BLITAR,2026-01-01,BERAS PREMIUM,14900,bps
KOTA BLITAR,2026-02-01,BERAS PREMIUM,14900,bps
KOTA BLITAR,2026-03-01,BERAS PREMIUM,14900,bps
KOTA BLITAR,2026-04-01,BERAS PREMIUM,14900,bps
KOTA BLITAR,2026-05-01,BERAS PREMIUM,14900,bps
KOTA BLITAR,2026-06-01,BERAS PREMIUM,14900,bps
KOTA BLITAR,2025-08-01,JAGUNG PIPIL KERING,8000,bps
KOTA BLITAR,2025-09-01,JAGUNG PIPIL KERING,8000,bps
KOTA BLITAR,2025-10-01,JAGUNG PIPIL KERING,8000,bps
KOTA BLITAR,2025-11-01,JAGUNG PIPIL KERING,8000,bps
KOTA BLITAR,2025-12-01,JAGUNG PIPIL KERING,8000,bps
KOTA BLITAR,2026-01-01,JAGUNG PIPIL KERING,8000,bps
KOTA BLITAR,2026-02-01,JAGUNG PIPIL KERING,8000,bps
KOTA BLITAR,2026-03-01,JAGUNG PIPIL KERING,6500,bps
KOTA BLITAR,2026-04-01,JAGUNG PIPIL KERING,6500,bps
KOTA BLITAR,2026-05-01,JAGUNG PIPIL KERING,6500,bps
KOTA BLITAR,2026-06-01,JAGUNG PIPIL KERING,6500,bps
KOTA BLITAR,2025-08-01,KEDELAI,0,bps
KOTA BLITAR,2025-09-01,KEDELAI,0,bps
KOTA BLITAR,2025-10-01,KEDELAI,0,bps
KOTA BLITAR,2025-11-01,KEDELAI,0,bps
KOTA BLITAR,2025-12-01,KEDELAI,0,bps
KOTA BLITAR,2026-01-01,KEDELAI,0,bps
KOTA BLITAR,2026-02-01,KEDELAI,0,bps
KOTA BLITAR,2026-03-01,KEDELAI,0,bps
KOTA BLITAR,2026-04-01,KEDELAI,0,bps
KOTA BLITAR,2026-05-01,KEDELAI,0,bps
KOTA BLITAR,2026-06-01,KEDELAI,0,bps
KOTA KEDIRI,2025-08-01,BERAS MEDIUM,13166,bps
KOTA KEDIRI,2025-09-01,BERAS MEDIUM,12833,bps
KOTA KEDIRI,2025-10-01,BERAS MEDIUM,12833,bps
KOTA KEDIRI,2025-11-01,BERAS MEDIUM,13000,bps
KOTA KEDIRI,2025-12-01,BERAS MEDIUM,12833,bps
KOTA KEDIRI,2026-01-01,BERAS MEDIUM,12833,bps
KOTA KEDIRI,2026-02-01,BERAS MEDIUM,13000,bps
KOTA KEDIRI,2026-03-01,BERAS MEDIUM,13000,bps
KOTA KEDIRI,2026-04-01,BERAS MEDIUM,13000,bps
KOTA KEDIRI,2026-05-01,BERAS MEDIUM,13000,bps
KOTA KEDIRI,2026-06-01,BERAS MEDIUM,13000,bps
KOTA KEDIRI,2025-08-01,BERAS PREMIUM,15000,bps
KOTA KEDIRI,2025-09-01,BERAS PREMIUM,15000,bps
KOTA KEDIRI,2025-10-01,BERAS PREMIUM,15000,bps
KOTA KEDIRI,2025-11-01,BERAS PREMIUM,15000,bps
KOTA KEDIRI,2025-12-01,BERAS PREMIUM,14766,bps
KOTA KEDIRI,2026-01-01,BERAS PREMIUM,14700,bps
KOTA KEDIRI,2026-02-01,BERAS PREMIUM,14700,bps
KOTA KEDIRI,2026-03-01,BERAS PREMIUM,14866,bps
KOTA KEDIRI,2026-04-01,BERAS PREMIUM,14900,bps
KOTA KEDIRI,2026-05-01,BERAS PREMIUM,15000,bps
KOTA KEDIRI,2026-06-01,BERAS PREMIUM,15333,bps
KOTA KEDIRI,2025-08-01,JAGUNG PIPIL KERING,6750,bps
KOTA KEDIRI,2025-09-01,JAGUNG PIPIL KERING,7000,bps
KOTA KEDIRI,2025-10-01,JAGUNG PIPIL KERING,7250,bps
KOTA KEDIRI,2025-11-01,JAGUNG PIPIL KERING,7250,bps
KOTA KEDIRI,2025-12-01,JAGUNG PIPIL KERING,7750,bps
KOTA KEDIRI,2026-01-01,JAGUNG PIPIL KERING,7750,bps
KOTA KEDIRI,2026-02-01,JAGUNG PIPIL KERING,7750,bps
KOTA KEDIRI,2026-03-01,JAGUNG PIPIL KERING,7750,bps
KOTA KEDIRI,2026-04-01,JAGUNG PIPIL KERING,7750,bps
KOTA KEDIRI,2026-05-01,JAGUNG PIPIL KERING,7750,bps
KOTA KEDIRI,2026-06-01,JAGUNG PIPIL KERING,7750,bps
KOTA KEDIRI,2025-08-01,KEDELAI,16333,bps
KOTA KEDIRI,2025-09-01,KEDELAI,16333,bps
KOTA KEDIRI,2025-10-01,KEDELAI,16333,bps
KOTA KEDIRI,2025-11-01,KEDELAI,16666,bps
KOTA KEDIRI,2025-12-01,KEDELAI,16666,bps
KOTA KEDIRI,2026-01-01,KEDELAI,15666,bps
KOTA KEDIRI,2026-02-01,KEDELAI,16000,bps
KOTA KEDIRI,2026-03-01,KEDELAI,15666,bps
KOTA KEDIRI,2026-04-01,KEDELAI,15666,bps
KOTA KEDIRI,2026-05-01,KEDELAI,16333,bps
KOTA KEDIRI,2026-06-01,KEDELAI,17000,bps
KOTA MADIUN,2025-08-01,BERAS MEDIUM,13333,bps
KOTA MADIUN,2025-09-01,BERAS MEDIUM,13533,bps
KOTA MADIUN,2025-10-01,BERAS MEDIUM,13500,bps
KOTA MADIUN,2025-11-01,BERAS MEDIUM,13833,bps
KOTA MADIUN,2025-12-01,BERAS MEDIUM,13333,bps
KOTA MADIUN,2026-01-01,BERAS MEDIUM,13333,bps
KOTA MADIUN,2026-02-01,BERAS MEDIUM,13666,bps
KOTA MADIUN,2026-03-01,BERAS MEDIUM,13666,bps
KOTA MADIUN,2026-04-01,BERAS MEDIUM,13500,bps
KOTA MADIUN,2026-05-01,BERAS MEDIUM,13500,bps
KOTA MADIUN,2026-06-01,BERAS MEDIUM,13500,bps
KOTA MADIUN,2025-08-01,BERAS PREMIUM,15500,bps
KOTA MADIUN,2025-09-01,BERAS PREMIUM,15500,bps
KOTA MADIUN,2025-10-01,BERAS PREMIUM,15500,bps
KOTA MADIUN,2025-11-01,BERAS PREMIUM,15166,bps
KOTA MADIUN,2025-12-01,BERAS PREMIUM,14833,bps
KOTA MADIUN,2026-01-01,BERAS PREMIUM,14833,bps
KOTA MADIUN,2026-02-01,BERAS PREMIUM,15000,bps
KOTA MADIUN,2026-03-01,BERAS PREMIUM,15000,bps
KOTA MADIUN,2026-04-01,BERAS PREMIUM,15000,bps
KOTA MADIUN,2026-05-01,BERAS PREMIUM,14833,bps
KOTA MADIUN,2026-06-01,BERAS PREMIUM,14833,bps
KOTA MADIUN,2025-08-01,JAGUNG PIPIL KERING,10666,bps
KOTA MADIUN,2025-09-01,JAGUNG PIPIL KERING,9666,bps
KOTA MADIUN,2025-10-01,JAGUNG PIPIL KERING,10333,bps
KOTA MADIUN,2025-11-01,JAGUNG PIPIL KERING,10500,bps
KOTA MADIUN,2025-12-01,JAGUNG PIPIL KERING,9500,bps
KOTA MADIUN,2026-01-01,JAGUNG PIPIL KERING,9833,bps
KOTA MADIUN,2026-02-01,JAGUNG PIPIL KERING,8000,bps
KOTA MADIUN,2026-03-01,JAGUNG PIPIL KERING,10333,bps
KOTA MADIUN,2026-04-01,JAGUNG PIPIL KERING,10333,bps
KOTA MADIUN,2026-05-01,JAGUNG PIPIL KERING,10333,bps
KOTA MADIUN,2026-06-01,JAGUNG PIPIL KERING,10333,bps
KOTA MADIUN,2025-08-01,KEDELAI,10666,bps
KOTA MADIUN,2025-09-01,KEDELAI,11000,bps
KOTA MADIUN,2025-10-01,KEDELAI,11666,bps
KOTA MADIUN,2025-11-01,KEDELAI,12333,bps
KOTA MADIUN,2025-12-01,KEDELAI,11333,bps
KOTA MADIUN,2026-01-01,KEDELAI,11000,bps
KOTA MADIUN,2026-02-01,KEDELAI,12666,bps
KOTA MADIUN,2026-03-01,KEDELAI,19333,bps
KOTA MADIUN,2026-04-01,KEDELAI,13333,bps
KOTA MADIUN,2026-05-01,KEDELAI,12666,bps
KOTA MADIUN,2026-06-01,KEDELAI,12666,bps
KOTA MALANG,2025-08-01,BERAS MEDIUM,13166,bps
KOTA MALANG,2025-09-01,BERAS MEDIUM,12983,bps
KOTA MALANG,2025-10-01,BERAS MEDIUM,12650,bps
KOTA MALANG,2025-11-01,BERAS MEDIUM,12650,bps
KOTA MALANG,2025-12-01,BERAS MEDIUM,12733,bps
KOTA MALANG,2026-01-01,BERAS MEDIUM,12633,bps
KOTA MALANG,2026-02-01,BERAS MEDIUM,12633,bps
KOTA MALANG,2026-03-01,BERAS MEDIUM,12633,bps
KOTA MALANG,2026-04-01,BERAS MEDIUM,12633,bps
KOTA MALANG,2026-05-01,BERAS MEDIUM,12633,bps
KOTA MALANG,2026-06-01,BERAS MEDIUM,12633,bps
KOTA MALANG,2025-08-01,BERAS PREMIUM,15516,bps
KOTA MALANG,2025-09-01,BERAS PREMIUM,15766,bps
KOTA MALANG,2025-10-01,BERAS PREMIUM,15600,bps
KOTA MALANG,2025-11-01,BERAS PREMIUM,15600,bps
KOTA MALANG,2025-12-01,BERAS PREMIUM,15333,bps
KOTA MALANG,2026-01-01,BERAS PREMIUM,15150,bps
KOTA MALANG,2026-02-01,BERAS PREMIUM,15150,bps
KOTA MALANG,2026-03-01,BERAS PREMIUM,15150,bps
KOTA MALANG,2026-04-01,BERAS PREMIUM,15066,bps
KOTA MALANG,2026-05-01,BERAS PREMIUM,15016,bps
KOTA MALANG,2026-06-01,BERAS PREMIUM,15016,bps
KOTA MALANG,2025-08-01,JAGUNG PIPIL KERING,9166,bps
KOTA MALANG,2025-09-01,JAGUNG PIPIL KERING,9000,bps
KOTA MALANG,2025-10-01,JAGUNG PIPIL KERING,9000,bps
KOTA MALANG,2025-11-01,JAGUNG PIPIL KERING,9000,bps
KOTA MALANG,2025-12-01,JAGUNG PIPIL KERING,9000,bps
KOTA MALANG,2026-01-01,JAGUNG PIPIL KERING,9000,bps
KOTA MALANG,2026-02-01,JAGUNG PIPIL KERING,9000,bps
KOTA MALANG,2026-03-01,JAGUNG PIPIL KERING,9000,bps
KOTA MALANG,2026-04-01,JAGUNG PIPIL KERING,8833,bps
KOTA MALANG,2026-05-01,JAGUNG PIPIL KERING,8833,bps
KOTA MALANG,2026-06-01,JAGUNG PIPIL KERING,8833,bps
KOTA MALANG,2025-08-01,KEDELAI,13666,bps
KOTA MALANG,2025-09-01,KEDELAI,13666,bps
KOTA MALANG,2025-10-01,KEDELAI,13666,bps
KOTA MALANG,2025-11-01,KEDELAI,13666,bps
KOTA MALANG,2025-12-01,KEDELAI,13666,bps
KOTA MALANG,2026-01-01,KEDELAI,13666,bps
KOTA MALANG,2026-02-01,KEDELAI,13666,bps
KOTA MALANG,2026-03-01,KEDELAI,13666,bps
KOTA MALANG,2026-04-01,KEDELAI,13666,bps
KOTA MALANG,2026-05-01,KEDELAI,13750,bps
KOTA MALANG,2026-06-01,KEDELAI,13750,bps
KOTA MOJOKERTO,2025-08-01,BERAS MEDIUM,12750,bps
KOTA MOJOKERTO,2025-09-01,BERAS MEDIUM,12750,bps
KOTA MOJOKERTO,2025-10-01,BERAS MEDIUM,12750,bps
KOTA MOJOKERTO,2025-11-01,BERAS MEDIUM,13000,bps
KOTA MOJOKERTO,2025-12-01,BERAS MEDIUM,13000,bps
KOTA MOJOKERTO,2026-01-01,BERAS MEDIUM,13000,bps
KOTA MOJOKERTO,2026-02-01,BERAS MEDIUM,13000,bps
KOTA MOJOKERTO,2026-03-01,BERAS MEDIUM,13000,bps
KOTA MOJOKERTO,2026-04-01,BERAS MEDIUM,13000,bps
KOTA MOJOKERTO,2026-05-01,BERAS MEDIUM,13000,bps
KOTA MOJOKERTO,2026-06-01,BERAS MEDIUM,13000,bps
KOTA MOJOKERTO,2025-08-01,BERAS PREMIUM,15000,bps
KOTA MOJOKERTO,2025-09-01,BERAS PREMIUM,15000,bps
KOTA MOJOKERTO,2025-10-01,BERAS PREMIUM,15000,bps
KOTA MOJOKERTO,2025-11-01,BERAS PREMIUM,15000,bps
KOTA MOJOKERTO,2025-12-01,BERAS PREMIUM,14900,bps
KOTA MOJOKERTO,2026-01-01,BERAS PREMIUM,14900,bps
KOTA MOJOKERTO,2026-02-01,BERAS PREMIUM,14900,bps
KOTA MOJOKERTO,2026-03-01,BERAS PREMIUM,14900,bps
KOTA MOJOKERTO,2026-04-01,BERAS PREMIUM,14900,bps
KOTA MOJOKERTO,2026-05-01,BERAS PREMIUM,14900,bps
KOTA MOJOKERTO,2026-06-01,BERAS PREMIUM,14900,bps
KOTA MOJOKERTO,2025-08-01,JAGUNG PIPIL KERING,6500,bps
KOTA MOJOKERTO,2025-09-01,JAGUNG PIPIL KERING,6500,bps
KOTA MOJOKERTO,2025-10-01,JAGUNG PIPIL KERING,6500,bps
KOTA MOJOKERTO,2025-11-01,JAGUNG PIPIL KERING,6750,bps
KOTA MOJOKERTO,2025-12-01,JAGUNG PIPIL KERING,6750,bps
KOTA MOJOKERTO,2026-01-01,JAGUNG PIPIL KERING,6750,bps
KOTA MOJOKERTO,2026-02-01,JAGUNG PIPIL KERING,7000,bps
KOTA MOJOKERTO,2026-03-01,JAGUNG PIPIL KERING,7000,bps
KOTA MOJOKERTO,2026-04-01,JAGUNG PIPIL KERING,7000,bps
KOTA MOJOKERTO,2026-05-01,JAGUNG PIPIL KERING,7000,bps
KOTA MOJOKERTO,2026-06-01,JAGUNG PIPIL KERING,7000,bps
KOTA MOJOKERTO,2025-08-01,KEDELAI,12500,bps
KOTA MOJOKERTO,2025-09-01,KEDELAI,10500,bps
KOTA MOJOKERTO,2025-10-01,KEDELAI,10500,bps
KOTA MOJOKERTO,2025-11-01,KEDELAI,10500,bps
KOTA MOJOKERTO,2025-12-01,KEDELAI,10500,bps
KOTA MOJOKERTO,2026-01-01,KEDELAI,10500,bps
KOTA MOJOKERTO,2026-02-01,KEDELAI,10500,bps
KOTA MOJOKERTO,2026-03-01,KEDELAI,10500,bps
KOTA MOJOKERTO,2026-04-01,KEDELAI,10500,bps
KOTA MOJOKERTO,2026-05-01,KEDELAI,10500,bps
KOTA MOJOKERTO,2026-06-01,KEDELAI,10500,bps
KOTA PASURUAN,2025-08-01,BERAS MEDIUM,13250,bps
KOTA PASURUAN,2025-09-01,BERAS MEDIUM,13000,bps
KOTA PASURUAN,2025-10-01,BERAS MEDIUM,13000,bps
KOTA PASURUAN,2025-11-01,BERAS MEDIUM,12800,bps
KOTA PASURUAN,2025-12-01,BERAS MEDIUM,13200,bps
KOTA PASURUAN,2026-01-01,BERAS MEDIUM,13200,bps
KOTA PASURUAN,2026-02-01,BERAS MEDIUM,13200,bps
KOTA PASURUAN,2026-03-01,BERAS MEDIUM,13200,bps
KOTA PASURUAN,2026-04-01,BERAS MEDIUM,13200,bps
KOTA PASURUAN,2026-05-01,BERAS MEDIUM,13200,bps
KOTA PASURUAN,2026-06-01,BERAS MEDIUM,13200,bps
KOTA PASURUAN,2025-08-01,BERAS PREMIUM,14800,bps
KOTA PASURUAN,2025-09-01,BERAS PREMIUM,14800,bps
KOTA PASURUAN,2025-10-01,BERAS PREMIUM,14800,bps
KOTA PASURUAN,2025-11-01,BERAS PREMIUM,14700,bps
KOTA PASURUAN,2025-12-01,BERAS PREMIUM,14700,bps
KOTA PASURUAN,2026-01-01,BERAS PREMIUM,14700,bps
KOTA PASURUAN,2026-02-01,BERAS PREMIUM,14700,bps
KOTA PASURUAN,2026-03-01,BERAS PREMIUM,14700,bps
KOTA PASURUAN,2026-04-01,BERAS PREMIUM,14700,bps
KOTA PASURUAN,2026-05-01,BERAS PREMIUM,14700,bps
KOTA PASURUAN,2026-06-01,BERAS PREMIUM,14700,bps
KOTA PASURUAN,2025-08-01,JAGUNG PIPIL KERING,7750,bps
KOTA PASURUAN,2025-09-01,JAGUNG PIPIL KERING,7750,bps
KOTA PASURUAN,2025-10-01,JAGUNG PIPIL KERING,7750,bps
KOTA PASURUAN,2025-11-01,JAGUNG PIPIL KERING,7750,bps
KOTA PASURUAN,2025-12-01,JAGUNG PIPIL KERING,7750,bps
KOTA PASURUAN,2026-01-01,JAGUNG PIPIL KERING,7750,bps
KOTA PASURUAN,2026-02-01,JAGUNG PIPIL KERING,7750,bps
KOTA PASURUAN,2026-03-01,JAGUNG PIPIL KERING,7750,bps
KOTA PASURUAN,2026-04-01,JAGUNG PIPIL KERING,7750,bps
KOTA PASURUAN,2026-05-01,JAGUNG PIPIL KERING,7750,bps
KOTA PASURUAN,2026-06-01,JAGUNG PIPIL KERING,7750,bps
KOTA PASURUAN,2025-08-01,KEDELAI,10500,bps
KOTA PASURUAN,2025-09-01,KEDELAI,10500,bps
KOTA PASURUAN,2025-10-01,KEDELAI,10500,bps
KOTA PASURUAN,2025-11-01,KEDELAI,10500,bps
KOTA PASURUAN,2025-12-01,KEDELAI,10500,bps
KOTA PASURUAN,2026-01-01,KEDELAI,10500,bps
KOTA PASURUAN,2026-02-01,KEDELAI,10500,bps
KOTA PASURUAN,2026-03-01,KEDELAI,10500,bps
KOTA PASURUAN,2026-04-01,KEDELAI,10500,bps
KOTA PASURUAN,2026-05-01,KEDELAI,10500,bps
KOTA PASURUAN,2026-06-01,KEDELAI,10500,bps
KOTA PROBOLINGGO,2025-08-01,BERAS MEDIUM,13666,bps
KOTA PROBOLINGGO,2025-09-01,BERAS MEDIUM,12833,bps
KOTA PROBOLINGGO,2025-10-01,BERAS MEDIUM,13166,bps
KOTA PROBOLINGGO,2025-11-01,BERAS MEDIUM,12666,bps
KOTA PROBOLINGGO,2025-12-01,BERAS MEDIUM,12500,bps
KOTA PROBOLINGGO,2026-01-01,BERAS MEDIUM,12516,bps
KOTA PROBOLINGGO,2026-02-01,BERAS MEDIUM,12533,bps
KOTA PROBOLINGGO,2026-03-01,BERAS MEDIUM,12533,bps
KOTA PROBOLINGGO,2026-04-01,BERAS MEDIUM,12533,bps
KOTA PROBOLINGGO,2026-05-01,BERAS MEDIUM,12533,bps
KOTA PROBOLINGGO,2026-06-01,BERAS MEDIUM,13033,bps
KOTA PROBOLINGGO,2025-08-01,BERAS PREMIUM,15716,bps
KOTA PROBOLINGGO,2025-09-01,BERAS PREMIUM,15816,bps
KOTA PROBOLINGGO,2025-10-01,BERAS PREMIUM,16000,bps
KOTA PROBOLINGGO,2025-11-01,BERAS PREMIUM,14900,bps
KOTA PROBOLINGGO,2025-12-01,BERAS PREMIUM,14900,bps
KOTA PROBOLINGGO,2026-01-01,BERAS PREMIUM,14900,bps
KOTA PROBOLINGGO,2026-02-01,BERAS PREMIUM,14900,bps
KOTA PROBOLINGGO,2026-03-01,BERAS PREMIUM,14900,bps
KOTA PROBOLINGGO,2026-04-01,BERAS PREMIUM,14900,bps
KOTA PROBOLINGGO,2026-05-01,BERAS PREMIUM,14800,bps
KOTA PROBOLINGGO,2026-06-01,BERAS PREMIUM,15133,bps
KOTA PROBOLINGGO,2025-08-01,JAGUNG PIPIL KERING,5333,bps
KOTA PROBOLINGGO,2025-09-01,JAGUNG PIPIL KERING,5666,bps
KOTA PROBOLINGGO,2025-10-01,JAGUNG PIPIL KERING,6166,bps
KOTA PROBOLINGGO,2025-11-01,JAGUNG PIPIL KERING,6333,bps
KOTA PROBOLINGGO,2025-12-01,JAGUNG PIPIL KERING,6333,bps
KOTA PROBOLINGGO,2026-01-01,JAGUNG PIPIL KERING,6166,bps
KOTA PROBOLINGGO,2026-02-01,JAGUNG PIPIL KERING,6000,bps
KOTA PROBOLINGGO,2026-03-01,JAGUNG PIPIL KERING,6333,bps
KOTA PROBOLINGGO,2026-04-01,JAGUNG PIPIL KERING,6333,bps
KOTA PROBOLINGGO,2026-05-01,JAGUNG PIPIL KERING,6333,bps
KOTA PROBOLINGGO,2026-06-01,JAGUNG PIPIL KERING,6333,bps
KOTA PROBOLINGGO,2025-08-01,KEDELAI,0,bps
KOTA PROBOLINGGO,2025-09-01,KEDELAI,0,bps
KOTA PROBOLINGGO,2025-10-01,KEDELAI,0,bps
KOTA PROBOLINGGO,2025-11-01,KEDELAI,0,bps
KOTA PROBOLINGGO,2025-12-01,KEDELAI,0,bps
KOTA PROBOLINGGO,2026-01-01,KEDELAI,0,bps
KOTA PROBOLINGGO,2026-02-01,KEDELAI,0,bps
KOTA PROBOLINGGO,2026-03-01,KEDELAI,0,bps
KOTA PROBOLINGGO,2026-04-01,KEDELAI,0,bps
KOTA PROBOLINGGO,2026-05-01,KEDELAI,0,bps
KOTA PROBOLINGGO,2026-06-01,KEDELAI,0,bps
KOTA SURABAYA,2025-08-01,BERAS MEDIUM,13562,bps
KOTA SURABAYA,2025-09-01,BERAS MEDIUM,12958,bps
KOTA SURABAYA,2025-10-01,BERAS MEDIUM,12866,bps
KOTA SURABAYA,2025-11-01,BERAS MEDIUM,12833,bps
KOTA SURABAYA,2025-12-01,BERAS MEDIUM,12833,bps
KOTA SURABAYA,2026-01-01,BERAS MEDIUM,12833,bps
KOTA SURABAYA,2026-02-01,BERAS MEDIUM,12666,bps
KOTA SURABAYA,2026-03-01,BERAS MEDIUM,12750,bps
KOTA SURABAYA,2026-04-01,BERAS MEDIUM,12750,bps
KOTA SURABAYA,2026-05-01,BERAS MEDIUM,12750,bps
KOTA SURABAYA,2026-06-01,BERAS MEDIUM,12666,bps
KOTA SURABAYA,2025-08-01,BERAS PREMIUM,15375,bps
KOTA SURABAYA,2025-09-01,BERAS PREMIUM,15416,bps
KOTA SURABAYA,2025-10-01,BERAS PREMIUM,15600,bps
KOTA SURABAYA,2025-11-01,BERAS PREMIUM,15366,bps
KOTA SURABAYA,2025-12-01,BERAS PREMIUM,15416,bps
KOTA SURABAYA,2026-01-01,BERAS PREMIUM,15416,bps
KOTA SURABAYA,2026-02-01,BERAS PREMIUM,15416,bps
KOTA SURABAYA,2026-03-01,BERAS PREMIUM,15416,bps
KOTA SURABAYA,2026-04-01,BERAS PREMIUM,15416,bps
KOTA SURABAYA,2026-05-01,BERAS PREMIUM,15583,bps
KOTA SURABAYA,2026-06-01,BERAS PREMIUM,15583,bps
KOTA SURABAYA,2025-08-01,JAGUNG PIPIL KERING,10750,bps
KOTA SURABAYA,2025-09-01,JAGUNG PIPIL KERING,10750,bps
KOTA SURABAYA,2025-10-01,JAGUNG PIPIL KERING,10875,bps
KOTA SURABAYA,2025-11-01,JAGUNG PIPIL KERING,10750,bps
KOTA SURABAYA,2025-12-01,JAGUNG PIPIL KERING,10750,bps
KOTA SURABAYA,2026-01-01,JAGUNG PIPIL KERING,10750,bps
KOTA SURABAYA,2026-02-01,JAGUNG PIPIL KERING,10750,bps
KOTA SURABAYA,2026-03-01,JAGUNG PIPIL KERING,11000,bps
KOTA SURABAYA,2026-04-01,JAGUNG PIPIL KERING,11100,bps
KOTA SURABAYA,2026-05-01,JAGUNG PIPIL KERING,11100,bps
KOTA SURABAYA,2026-06-01,JAGUNG PIPIL KERING,11100,bps
KOTA SURABAYA,2025-08-01,KEDELAI,15333,bps
KOTA SURABAYA,2025-09-01,KEDELAI,15666,bps
KOTA SURABAYA,2025-10-01,KEDELAI,14000,bps
KOTA SURABAYA,2025-11-01,KEDELAI,14000,bps
KOTA SURABAYA,2025-12-01,KEDELAI,13333,bps
KOTA SURABAYA,2026-01-01,KEDELAI,13333,bps
KOTA SURABAYA,2026-02-01,KEDELAI,13333,bps
KOTA SURABAYA,2026-03-01,KEDELAI,14000,bps
KOTA SURABAYA,2026-04-01,KEDELAI,14500,bps
KOTA SURABAYA,2026-05-01,KEDELAI,14000,bps
KOTA SURABAYA,2026-06-01,KEDELAI,14000,bps
